CodeSection,count,coverage_pct,norm_section,category_auto
19.2-306,259299,31.409622792354096,19.2-306,probation_violation
18.2-250,66993,39.52467475834,18.2-250,drug
18.2-248,36371,43.930397073430726,18.2-248,drug
18.2-95,17824,46.08946871138891,18.2-95,property
18.2-308.2,15391,47.95382416357778,18.2-308.2,weapons
19.2-128,14210,49.67512173849844,19.2-128,failure_to_appear
18.2-57,14204,51.3956925164135,18.2-57,violent
18.2-374.1:1,11452,52.782905734428375,18.2-374.1:1,public_order
18.2-456(A)(6),9905,53.982726457833664,18.2-456,obstruction_justice
18.2-456,9641,55.15056811299271,18.2-456,obstruction_justice
18.2-172,9367,56.28521937156285,18.2-172,fraud_financial
18.2-57.2,8741,57.344041475882456,18.2-57.2,violent
18.2-91,8471,58.37015771495022,18.2-91,property
18.2-96,8154,59.357874845555635,18.2-96,property
18.2-137,8123,60.34183685829881,18.2-137,property
18.2-53.1,8026,61.31404898611818,18.2-53.1,violent
18.2-178,7852,62.26518400077525,18.2-178,fraud_financial
18.2-51,7744,63.20323666933159,18.2-51,violent
18.2-460,7047,64.05685975240449,18.2-460,obstruction_justice
18.2-308.4,6753,64.87486978220316,18.2-308.4,weapons
19.2-123,6560,65.6695011749885,19.2-123,procedural_other
46.2-817(B),6363,66.44026939942341,46.2-817,traffic
B.46.2-301,5981,67.1647648811687,46.2-301,traffic
18.2-456(6),5906,67.88017540034402,18.2-456,obstruction_justice
18.2-58,5507,68.54725391864719,18.2-58,violent
18.2-371.1,5125,69.16805969426072,18.2-371.1,child_abuse
A.18.2-266,5093,69.78498921917775,18.2-266,dui_traffic_criminal
C.46.2-862,4996,70.39016885917097,46.2-862,traffic
18.2-103,4826,70.97475591733895,18.2-103,property
18.2-111,4731,71.54783535625167,18.2-111,property
18.2-192,4641,72.11001284008043,18.2-192,fraud_financial
16.1-253.2,4464,72.6507498122441,16.1-253.2,juvenile_family
18.2-248.1,4307,73.172468929428,18.2-248.1,drug
18.2-67.3,4293,73.69249218693218,18.2-67.3,sexual_offense
18.2-51.6,4149,74.19507231630206,18.2-51.6,violent
18.2-308,4039,74.68432783390266,18.2-308,weapons
18.2-186.3,3574,75.11725658356954,18.2-186.3,fraud_financial
A.46.2-862,3509,75.54231169900913,46.2-862,traffic
18.2-47,3463,75.96179470407249,18.2-47,violent
18.2-456(A)(5),3451,76.37982411512465,18.2-456,obstruction_justice
18.2-472.1,3414,76.79337161130896,18.2-472.1,obstruction_justice
18.2-32,3058,77.16379581849456,18.2-32,violent
54.1-3466,2976,77.52428713327035,54.1-3466,drug
19.2-152.4:1,2967,77.88368825253774,19.2-152.4:1,procedural_other
46.2-300,2940,78.23981878527994,46.2-300,traffic
18.2-456(5),2736,78.57123821983187,18.2-456,obstruction_justice
18.2-195,2724,78.9012040603726,18.2-195,fraud_financial
53.1-203,2724,79.23116990091334,53.1-203,corrections_related
18.2-308.2:2,2661,79.55350437289532,18.2-308.2:2,weapons
A.46.2-852,2594,79.86772294498147,46.2-852,traffic
18.2-266,2512,80.1720086246578,18.2-266,dui_traffic_criminal
C.18.2-266,2511,80.47617317149987,18.2-266,dui_traffic_criminal
18.2-119,2471,80.77549240497129,18.2-119,property
18.2-374.3,2373,81.06294062068464,18.2-374.3,public_order
18.2-61,2372,81.35026770356373,18.2-61,sexual_offense
18.2-67.1,2328,81.6322649417351,18.2-67.1,sexual_offense
18.2-282,2210,81.8999685054631,18.2-282,weapons
18.2-51.2,2166,82.16234222448337,18.2-51.2,violent
19.2-82.1,2101,82.41684230927635,19.2-82.1,procedural_other
18.2-370,2079,82.66867747171548,18.2-370,juvenile_family
18.2-251,2032,82.9148193909441,18.2-251,drug
3.2-6570,2031,83.16084017733847,3.2-6570,animal_cruelty
18.2-371,1989,83.40177338469366,18.2-371,juvenile_family
C.46.2-894,1935,83.63616541899847,46.2-894,traffic
18.2-168,1924,83.86922499212636,18.2-168,fraud_financial
18.2-104,1872,84.09598565787242,18.2-104,property
18.2-108.01,1831,84.31777987741357,18.2-108.01,property
18.2-279,1816,84.53775710444073,18.2-279,weapons
19.2-358,1810,84.75700753446229,19.2-358,procedural_other
18.2-60.4,1806,84.97577343314678,18.2-60.4,protective_order_violation
18.2-272,1773,85.1905419483005,18.2-272,dui_traffic_criminal
40.1-103,1743,85.40167647842624,40.1-103,child_abuse
19.2-303.3,1722,85.6102672190324,19.2-303.3,procedural_other
18.2-370.1,1680,85.81377038059937,18.2-370.1,juvenile_family
18.2-268.3,1665,86.01545654965234,18.2-268.3,dui_traffic_criminal
18.2-388,1654,86.2158102575284,18.2-388,public_order
19.2-135,1645,86.41507376989607,19.2-135,procedural_other
18.2-67.2,1641,86.61385275092667,18.2-67.2,sexual_offense
18.2-56.1,1619,86.80996680960341,18.2-56.1,violent
18.2-108,1576,87.00087215640671,18.2-108,property
B.18.2-266,1554,87.18911258085616,18.2-266,dui_traffic_criminal
D.18.2-266,1489,87.36947937107833,18.2-266,dui_traffic_criminal
18.2-154,1402,87.53930760471934,18.2-154,property
18.2-474.1,1393,87.70804564285196,18.2-474.1,obstruction_justice
G.46.2-870,1374,87.87448215713351,46.2-870,traffic
A.18.2-102,1328,88.03534656103884,18.2-102,property
18.2-374.1,1249,88.18664147103713,18.2-374.1,public_order
46.2-817,1242,88.33708845119558,46.2-817,traffic
A.46.2-1158,1223,88.48523390750297,46.2-1158,traffic
18.2-94,1215,88.63241030113623,18.2-94,property
18.2-60,1210,88.77898103059816,18.2-60,violent
18.2-250.1,1170,88.92070644668944,18.2-250.1,drug
46.2-646,1089,89.05262010320517,46.2-646,traffic
63.2-522,1088,89.18441262688664,63.2-522,fraud_financial
18.2-147,1011,89.30687792232963,18.2-147,property
46.2-301,977,89.42522470140756,46.2-301,traffic
46.2-862,958,89.54126995663445,46.2-862,traffic
18.2-170,956,89.6570729461928,18.2-170,fraud_financial
18.2-83,956,89.77287593575114,18.2-83,violent
A.46.2-707,955,89.88855779247523,46.2-707,traffic
18.2-63,925,90.00060566417133,18.2-63,sexual_offense
19.2-305,924,90.11253240303316,19.2-305,procedural_other
A.46.2-853,920,90.22397461055792,46.2-853,traffic
D.46.2-894,908,90.33396322407152,46.2-894,traffic
G.46.2-878,906,90.44370957191656,46.2-878,traffic
18.2-146,901,90.55285025559029,18.2-146,property
18.2-280,892,90.6609007437556,18.2-280,weapons
18.2-200.1,887,90.7683455677496,18.2-200.1,fraud_financial
18.2-258,868,90.87348886789252,18.2-258,drug
18.2-258.1,857,90.97729970685856,18.2-258.1,drug
18.2-415,848,91.08002035031616,18.2-415,public_order
46.2-894,814,91.17862247740872,46.2-894,traffic
18.2-48,806,91.27625554182715,18.2-48,violent
18.2-164,781,91.37086028538896,18.2-164,property
18.2-193,774,91.46461709911088,18.2-193,fraud_financial
63.2-502,712,91.55086367710832,63.2-502,fraud_financial
18.2-121,704,91.63614119243162,18.2-121,property
46.2-817(A),697,91.72057077791506,46.2-817,traffic
18.2-286.1,694,91.8046369648957,18.2-286.1,weapons
18.2-181,660,91.8845846355113,18.2-181,fraud_financial
18.2-23,641,91.96223078227584,18.2-23,property
18.2-53,637,92.03939239770332,18.2-53,violent
18.2-102,633,92.11606948179372,18.2-102,property
18.2-255.2,631,92.19250430021562,18.2-255.2,drug
J.18.2-266,627,92.26845458730044,18.2-266,dui_traffic_criminal
A.18.2-268.3,626,92.34428374155098,18.2-268.3,dui_traffic_criminal
18.2-90,621,92.4195072316302,18.2-90,property
F.46.2-870,613,92.4937616590353,46.2-870,traffic
46.2-830,595,92.5658356954236,46.2-830,traffic
46.2-833,584,92.63657727063496,46.2-833,traffic
46.2-391D2,572,92.70586525183516,46.2-391D2,traffic
18.2-308.1:4,568,92.77466870169827,18.2-308.1:4,weapons
3.2-6503,567,92.84335101872712,3.2-6503,animal_cruelty
18.2-89,565,92.91179107008746,18.2-89,property
18.2-427,565,92.98023112144776,18.2-427,public_order
46.2-852,562,93.0483077743053,46.2-852,traffic
18.2-51.4,561,93.11626329432856,18.2-51.4,violent
18.2-256,561,93.18421881435182,18.2-256,drug
18.2-248.01,548,93.25059960752962,18.2-248.01,drug
18.2-108.1,533,93.31516340819344,18.2-108.1,property
19.2-305.2,529,93.37924267752015,19.2-305.2,procedural_other
18.2-422,524,93.44271628267558,18.2-422,
18.2-22,523,93.50606875499672,18.2-22,
46.2-804,520,93.56905782881508,46.2-804,traffic
18.2-271.1,489,93.62829178477118,18.2-271.1,dui_traffic_criminal
C.46.2-896,487,93.68728347505876,46.2-896,traffic
18.2-41,486,93.74615403251204,18.2-41,violent
18.2-434,472,93.80332873028564,18.2-434,obstruction_justice
46.2-816,470,93.86026116239069,46.2-816,traffic
46.2-821,465,93.9165879303244,46.2-821,traffic
18.2-67.4,463,93.97267243258958,18.2-67.4,sexual_offense
18.2-60.3,460,94.02839353635196,18.2-60.3,violent
18.2-31,458,94.08387237444582,18.2-31,violent
18.2-77,439,94.13704968868862,18.2-77,
C.46.2-870,434,94.18962133876008,46.2-870,traffic
18.2-58.1,418,94.2402548634833,18.2-58.1,
B.46.2-894,416,94.29064612253798,46.2-894,traffic
18.2-386.1,413,94.34067398308986,18.2-386.1,public_order
18.2-46.2,411,94.3904595779732,18.2-46.2,violent
B.46.2-357,409,94.44000290718802,46.2-357,traffic
18.2-323.1,405,94.48906170506578,18.2-323.1,
46.2-1158,396,94.53703030743512,46.2-1158,traffic
C.46.2-878,385,94.58366644862755,46.2-878,traffic
18.2-387,381,94.62981805848293,18.2-387,public_order
18.2-178.1,359,94.67330474598444,18.2-178.1,fraud_financial
18.2-361.01,353,94.71606463648035,18.2-361.01,juvenile_family
19.2-298.02,353,94.75882452697628,19.2-298.02,procedural_other
46.2-613(1),352,94.80146328463792,46.2-613,traffic
18.2-248.03,343,94.8430118467912,18.2-248.03,drug
46.2-869,334,94.88347021343606,46.2-869,traffic
18.2-308.1:3,333,94.92380744724665,18.2-308.1:3,weapons
46.2-722,328,94.96353901688592,46.2-722,traffic
18.2-461,328,95.0032705865252,18.2-461,obstruction_justice
18.2-98,326,95.04275989049592,18.2-98,property
18.2-456(A)(1),323,95.08188579596386,18.2-456,obstruction_justice
18.2-272A,319,95.12052717009472,18.2-272A,dui_traffic_criminal
18.2-92,307,95.1577149502144,18.2-92,property
46.2-391,305,95.19466046466556,46.2-391,traffic
18.2-460(E),301,95.23112144777964,18.2-460,obstruction_justice
46.2-715,301,95.26758243089373,46.2-715,traffic
18.2-287.4,299,95.30380114833928,18.2-287.4,weapons
G.46.2-875,297,95.33977760011628,46.2-875,traffic
18.2-250(A)(A),297,95.37575405189332,18.2-250,drug
18.2-357.1,295,95.4114882380018,18.2-357.1,juvenile_family
18.2-36,293,95.44698015844176,18.2-36,violent
18.2-33,292,95.48235094604745,18.2-33,violent
46.2-804(2),283,95.51663153814474,46.2-804,traffic
46.2-1094,279,95.55042759890496,46.2-1094,traffic
18.2-366,278,95.58410252683092,18.2-366,juvenile_family
18.2-51.1,276,95.61753518908836,18.2-51.1,violent
18.2-152.3,270,95.6502410543402,18.2-152.3,property
A.46.2-870,268,95.6827046539235,46.2-870,traffic
46.2-818.2(C),267,95.71504712067252,46.2-818.2,traffic
18.2-52,261,95.74666279041595,18.2-52,violent
18.2-431.1,261,95.7782784601594,18.2-431.1,
18.2-42,259,95.80965186423433,18.2-42,violent
46.2-870,251,95.8400562056351,46.2-870,traffic
18.2-26,249,95.87021828136734,18.2-26,
46.2-600,243,95.899653560094,46.2-600,traffic
21-1/46.2-862,238,95.92848317464932,21-1,
18.2-514,237,95.95719165637036,18.2-514,dui_traffic_criminal
G.46.2-874,237,95.98590013809144,46.2-874,traffic
46.2-818.2A,235,96.01436635414396,46.2-818.2A,traffic
18.2-81,233,96.04259030452796,18.2-81,
3.2-6571,232,96.07069312207769,3.2-6571,animal_cruelty
F.46.2-878,229,96.0984325411246,46.2-878,traffic
18.2-308.7,229,96.12617196017152,18.2-308.7,weapons
18.2-308.2(A),226,96.15354798071566,18.2-308.2,weapons
18.2-173,223,96.18056060275698,18.2-173,fraud_financial
46.2-1003,223,96.20757322479832,46.2-1003,traffic
32.1-314,219,96.23410131550258,32.1-314,
54.1-1115,213,96.25990260920123,54.1-1115,drug
19.2-128(B),207,96.28497710589431,19.2-128,failure_to_appear
46.2-1052,206,96.30993046975313,46.2-1052,traffic
18.2-255,202,96.33439930227487,18.2-255,drug
18.2-109,202,96.35886813479662,18.2-109,property
A.46.2-104,199,96.38297356881556,46.2-104,traffic
18.2-456(1),197,96.40683673716596,18.2-456,obstruction_justice
18.2-117,196,96.43057877268213,18.2-117,property
18.2-300,196,96.45432080819828,18.2-300,weapons
46.2-868.1,192,96.47757831237736,46.2-868.1,traffic
18.2-246.3,192,96.50083581655645,18.2-246.3,
18.2-57.02,188,96.52360878939844,18.2-57.02,violent
60.2-632,187,96.5462606294062,60.2-632,
46.2-391(D)(3),187,96.56891246941396,46.2-391,traffic
46.2-391(D)(1),184,96.59120091091891,46.2-391,traffic
18.2-369,180,96.6130048210868,18.2-369,juvenile_family
18.2-290,179,96.63468759842044,18.2-290,weapons
18.2-479,173,96.65564357874844,18.2-479,obstruction_justice
18.2-429,171,96.67635729340796,18.2-429,
18.2-46.6,169,96.69682874239892,18.2-46.6,violent
18.2-472.1(B),168,96.71717905855562,18.2-472.1,obstruction_justice
18.2-19,165,96.73716597620952,18.2-19,
B.46.2-104,164,96.75703176102914,46.2-104,traffic
18.2-462,162,96.77665528018024,18.2-462,obstruction_justice
E.18.2-266,159,96.79591540082856,18.2-266,dui_traffic_criminal
A.46.2-878,157,96.81493325580831,46.2-878,traffic
46.2-1173,156,96.83382997795384,46.2-1173,traffic
18.2-374.1:1(A),155,96.85260556726506,18.2-374.1:1,public_order
18.2-57(C),155,96.8713811565763,18.2-57,violent
46.2-328,151,96.88967221455049,46.2-328,traffic
18.2-197,151,96.90796327252464,18.2-197,fraud_financial
18.2-204.2,150,96.92613319766456,18.2-204.2,fraud_financial
46.2-613,150,96.94430312280448,46.2-613,traffic
46.2-896,149,96.9623519151101,46.2-896,traffic
4.1-305,148,96.98027957458147,4.1-305,
46.2-888,146,96.99796496838432,46.2-888,traffic
46.2-605,145,97.01552922935292,46.2-605,traffic
46.2-853,144,97.03297235748722,46.2-853,traffic
18.2-357,144,97.05041548562151,18.2-357,juvenile_family
46.2-105.2,142,97.06761634808733,46.2-105.2,traffic
21-1/46.2-301,142,97.0848172105531,21-1,
58.1-1017.1,142,97.10201807301888,58.1-1017.1,
A.46.2-864,142,97.11921893548464,46.2-864,traffic
46.2-802,141,97.13629866511616,46.2-802,traffic
C.46.2-875,140,97.1532572619134,46.2-875,traffic
18.2-386.2,138,97.16997359304212,18.2-386.2,public_order
46.2-613(2),132,97.18596312716524,46.2-613,traffic
46.2-612(1),131,97.20183152845412,46.2-612,traffic
46.2-861.1(A),131,97.21769992974296,46.2-861.1,traffic
46.2-612,130,97.23344719819754,46.2-612,traffic
18.2-152.7:1,130,97.24919446665211,18.2-152.7:1,property
18.2-22/18.2-58,130,97.26494173510672,18.2-22,
18.2-97,127,97.28032560505852,18.2-97,property
18.2-308.1,127,97.2957094750103,18.2-308.1,weapons
18.2-323.02,126,97.31097221212782,18.2-323.02,
46.2-825,125,97.32611381641108,46.2-825,traffic
63.2-513,125,97.34125542069434,63.2-513,fraud_financial
18.2-248(C),124,97.35627589214332,18.2-248,drug
A.18.2-272,124,97.37129636359232,18.2-272,dui_traffic_criminal
18.2-387.1,123,97.38619570220705,18.2-387.1,public_order
8.01-356,122,97.4009739079875,8.01-356,
18.2-272B,121,97.4156309809337,18.2-272B,dui_traffic_criminal
B.18.2-36.1,121,97.43028805387988,18.2-36.1,violent
24.2-1016,120,97.44482399399182,24.2-1016,
18.2-85,118,97.4591176684352,18.2-85,
54.1-111,118,97.4734113428786,54.1-111,drug
A.46.2-863,117,97.48758388448772,46.2-863,traffic
18.2-311.1,116,97.5016352932626,18.2-311.1,
46.2-707,113,97.51532330353466,46.2-707,traffic
16.1-292,113,97.52901131380672,16.1-292,juvenile_family
F.18.2-266,112,97.54257819124452,18.2-266,dui_traffic_criminal
18.2-361,112,97.55614506868233,18.2-361,juvenile_family
19.2-304,112,97.56971194612012,19.2-304,procedural_other
18.2-59,111,97.58315769072364,18.2-59,
18.2-251.4,110,97.59648230249292,18.2-251.4,drug
21-1/46.2-613,109,97.60968578142791,21-1,
18.2-346.01,109,97.62288926036292,18.2-346.01,
33.2-802,108,97.63597160646364,33.2-802,
E.46.2-894,108,97.6490539525644,46.2-894,traffic
18.2-347,107,97.66201516583084,18.2-347,
46.2-902.1,105,97.67473411342878,46.2-902.1,traffic
18.2-186,104,97.68733192819244,18.2-186,fraud_financial
18.2-80,103,97.69980861012186,18.2-80,
2021-04-7-4,101,97.71204302638272,2021-04-7-4,
21-1/46.2-300,101,97.7242774426436,21-1,
18.2-474,101,97.73651185890448,18.2-474,obstruction_justice
18.2-308.2:1,100,97.74862514233108,18.2-308.2:1,weapons
18.2-346,99,97.7606172929234,18.2-346,
21-1/46.2-1158,97,97.77236717784724,21-1,
23-22,96,97.78399592993676,23-22,
18.2-272C,96,97.79562468202631,18.2-272C,dui_traffic_criminal
C.46.2-874,96,97.80725343411584,46.2-874,traffic
21-1/46.2-875,94,97.81863992053688,21-1,
46.2-841,93,97.8299052741236,46.2-841,traffic
46.2-716,93,97.84117062771034,46.2-716,traffic
46.2-820,92,97.85231484846284,46.2-820,traffic
46.2-826,92,97.8634590692153,46.2-826,traffic
18.2-152,90,97.87436102429923,18.2-152,property
46.2-878,88,97.88502071371464,46.2-878,traffic
18.2-286,88,97.89568040313009,18.2-286,weapons
18.2-67.5:1,87,97.90621895971124,18.2-67.5:1,sexual_offense
18.2-308.5:1,86,97.9166363834581,18.2-308.5:1,weapons
18.2-308.012,86,97.92705380720498,18.2-308.012,weapons
18.2-305,86,97.93747123095186,18.2-305,weapons
A.18.2-36.1,85,97.94776752186448,18.2-36.1,violent
18.2-49.1,84,97.95794267994285,18.2-49.1,violent
18.2-118,84,97.96811783802116,18.2-118,property
18.2-67.4:2,84,97.97829299609953,18.2-67.4:2,sexual_offense
18.2-456 (6),83,97.9883470213436,18.2-456,obstruction_justice
46.2-1172,83,97.99840104658767,46.2-1172,traffic
18.2-371.1(B),83,98.00845507183178,18.2-371.1,child_abuse
37.2-429,82,98.01838796424158,37.2-429,
58.1-1017.3,81,98.02819972381714,58.1-1017.3,
46.2-357,81,98.0380114833927,46.2-357,traffic
53.1-131.1,80,98.04770211013395,53.1-131.1,corrections_related
18.2-181.1,78,98.05715047120673,18.2-181.1,fraud_financial
A.46.2-865,77,98.06647769944522,46.2-865,traffic
18.2-36.1,77,98.07580492768368,18.2-36.1,violent
A.46.2-860,77,98.08513215592218,46.2-860,traffic
A.46.2-1095,74,98.09409598565787,46.2-1095,traffic
3.2-6503.1,74,98.10305981539356,3.2-6503.1,animal_cruelty
18.2-416,74,98.11202364512926,18.2-416,
F.46.2-875,73,98.12086634203068,46.2-875,traffic
18.2-23/18.2-95,73,98.12970903893208,18.2-23,property
A.46.2-861,73,98.13855173583352,46.2-861,traffic
F.46.2-874,72,98.14727329990068,46.2-874,traffic
29.1-335,70,98.1557525982993,29.1-335,
21-1/46.2-804,70,98.16423189669791,21-1,
18.2-370.5,70,98.17271119509654,18.2-370.5,juvenile_family
46.2-302,70,98.18119049349517,46.2-302,traffic
18.2-460(A),69,98.18954865905953,18.2-460,obstruction_justice
16.1-253,68,98.19778569178962,16.1-253,juvenile_family
58.1-3907,68,98.20602272451973,58.1-3907,
18.2-29,67,98.21413862441554,18.2-29,
46.2-618,67,98.22225452431135,46.2-618,traffic
18.2-112,66,98.23024929137291,18.2-112,property
19.2-295.2,66,98.23824405843447,19.2-295.2,procedural_other
36-106,66,98.24623882549604,36-106,
4.1-1100,65,98.25411245972332,4.1-1100,
A.46.2-875,65,98.26198609395064,46.2-875,traffic
18.2-266.1,65,98.26985972817792,18.2-266.1,dui_traffic_criminal
18.2-174,64,98.27761222957096,18.2-174,fraud_financial
3.2-6521,64,98.28536473096398,3.2-6521,animal_cruelty
58.1-4018.1,64,98.293117232357,58.1-4018.1,
46.2-105,63,98.30074860091575,46.2-105,traffic
46.2-848,61,98.308137703806,46.2-848,traffic
18.2-312,60,98.31540567386196,18.2-312,
B.46.2-896,60,98.32267364391792,46.2-896,traffic
18.2-308.2:01,60,98.32994161397389,18.2-308.2:01,weapons
21-1/46.2-878,59,98.33708845119558,21-1,
46.2-875,59,98.34423528841728,46.2-875,traffic
G.46.2-873,59,98.35138212563898,46.2-873,traffic
46.2-818.2,59,98.35852896286067,46.2-818.2,traffic
"18.2-67.3(A,1)",58,98.3655546672481,18.2-67.3,sexual_offense
62.1-44.32,58,98.37258037163554,62.1-44.32,
18.2-188,58,98.37960607602297,18.2-188,fraud_financial
18.2-282.1,58,98.3866317804104,18.2-282.1,weapons
18.2-456(A)(3),57,98.39353635196356,18.2-456,obstruction_justice
18.2-56.2,57,98.40044092351673,18.2-56.2,violent
46.2-874,57,98.40734549506988,46.2-874,traffic
18.2-144,57,98.41425006662304,18.2-144,property
18.2-128,57,98.42115463817622,18.2-128,property
18.2-441.1,57,98.42805920972938,18.2-441.1,
46.2-1049,57,98.43496378128256,46.2-1049,traffic
18.2-152.4,56,98.44174722000146,18.2-152.4,property
18.2-86,55,98.44840952588608,18.2-86,
3.2-6570(A)(I),55,98.45507183177072,3.2-6570,animal_cruelty
18.2-172.2,55,98.46173413765536,18.2-172.2,fraud_financial
18.2-436,54,98.46827531070572,18.2-436,
1-200,54,98.47481648375609,1-200,
18.2-130,53,98.4812365239722,18.2-130,property
18.2-264,53,98.48765656418828,18.2-264,drug
18.2-474.2,52,98.49395547157012,18.2-474.2,obstruction_justice
18.2-57(A),51,98.5001332461177,18.2-57,violent
46.2-846,50,98.506189887831,46.2-846,traffic
18.2-103.1,50,98.5122465295443,18.2-103.1,property
18.2-46.3,49,98.51818203842332,18.2-46.3,violent
16.1-253.1,49,98.52411754730235,16.1-253.1,juvenile_family
18.2-115,49,98.53005305618142,18.2-115,property
21-1/46.2-874,49,98.53598856506044,21-1,
46.2-817B,48,98.54180294110522,46.2-817B,traffic
46.2-1075,48,98.54761731715,46.2-1075,traffic
18.2-456 (A6),48,98.55343169319475,18.2-456,obstruction_justice
46.2-830.1,48,98.55924606923952,46.2-830.1,traffic
18.2-478,47,98.56493931245004,18.2-478,obstruction_justice
46.2-104,47,98.57063255566054,46.2-104,traffic
A.46.2-874,46,98.57620466603676,46.2-874,traffic
18.2-212,46,98.581776776413,18.2-212,fraud_financial
29.1-521,46,98.58734888678926,29.1-521,
46.2-1074,46,98.59292099716548,46.2-1074,traffic
18.2-55,46,98.59849310754171,18.2-55,violent
18.2-308.2:5,44,98.60382295224944,18.2-308.2:5,weapons
63.2-523,44,98.60915279695716,63.2-523,
46.2-1043,44,98.61448264166484,46.2-1043,traffic
16.1-69.24,44,98.61981248637257,16.1-69.24,juvenile_family
18.2-60.5,43,98.625021198246,18.2-60.5,
3.2-6540,43,98.63022991011944,3.2-6540,animal_cruelty
18.2-67,43,98.63543862199288,18.2-67,sexual_offense
18.2-51.2(A),43,98.64064733386633,18.2-51.2,violent
A.46.2-859,43,98.64585604573976,46.2-859,traffic
A.46.2-1157,42,98.65094362477892,46.2-1157,traffic
18.2-147.1,42,98.6560312038181,18.2-147.1,property
18.2-26/18.2-51,42,98.66111878285729,18.2-26,
29-17,41,98.6660852290622,29-17,
58.1-1017,41,98.6710516752671,58.1-1017,
3.2-6504,41,98.676018121472,3.2-6504,animal_cruelty
18.2-64.2,40,98.68086343484264,18.2-64.2,sexual_offense
B.18.2-102,40,98.68570874821329,18.2-102,property
18.2-47(A),40,98.69055406158394,18.2-47,violent
46.2-711,39,98.69527824212032,46.2-711,traffic
18.2-35,38,98.6998812898224,18.2-35,violent
46.2-111,38,98.70448433752452,46.2-111,traffic
18.2-456(3),38,98.70908738522664,18.2-456,obstruction_justice
18.2-460(B),38,98.71369043292874,18.2-460,obstruction_justice
18.2-374,38,98.71829348063086,18.2-374,public_order
21-1/46.2-852,38,98.72289652833295,21-1,
46.2-938,38,98.72749957603509,46.2-938,traffic
18.2-187.1,38,98.7321026237372,18.2-187.1,fraud_financial
18.2-355,38,98.7367056714393,18.2-355,juvenile_family
46.2-324,37,98.74118758630716,46.2-324,traffic
54.1-2409.1,37,98.745669501175,54.1-2409.1,drug
23-22(18.2-388),36,98.75003028320856,23-22,
18.2-349,36,98.75439106524216,18.2-349,
46.2-864,36,98.75875184727572,46.2-864,traffic
46.2-1013,36,98.7631126293093,46.2-1013,traffic
3.2-6570(A),36,98.76747341134288,3.2-6570,animal_cruelty
53.1-116.3,35,98.7717130605422,53.1-116.3,corrections_related
46.2-895,35,98.7759527097415,46.2-895,traffic
18.2-152.5,35,98.7801923589408,18.2-152.5,property
25-282,35,98.78443200814012,25-282,
2026-04-23 00:00:00,35,98.78867165733944,2026-04-23 00:00:00,
18.2-308.4(A),35,98.79291130653876,18.2-308.4,weapons
18.2-192(1)(A),35,98.79715095573806,18.2-192,fraud_financial
3.2-6524,35,98.80139060493735,3.2-6524,animal_cruelty
18.2-57.3,35,98.80563025413667,18.2-57.3,violent
B.18.2-268.3,34,98.80974877050171,18.2-268.3,dui_traffic_criminal
18.2-374.1:1(B),34,98.81386728686678,18.2-374.1:1,public_order
21-1/46.2-833,34,98.81798580323182,21-1,
46.2-1030,33,98.8219831867626,46.2-1030,traffic
46.2-1014,33,98.82598057029338,46.2-1014,traffic
18.2-438,32,98.8298568209899,18.2-438,
3.2-6571(A1),32,98.8337330716864,3.2-6571,animal_cruelty
18.2-137(B)(I),32,98.83760932238292,18.2-137,property
18.2-152.14,32,98.84148557307944,18.2-152.14,property
18.2-479.1,32,98.84536182377596,18.2-479.1,obstruction_justice
46.2-838,32,98.84923807447248,46.2-838,traffic
18.2-127,31,98.85299319233472,18.2-127,property
3.2-6569,31,98.85674831019696,3.2-6569,animal_cruelty
46.2-803.1,31,98.8605034280592,46.2-803.1,traffic
18.2-348,31,98.86425854592146,18.2-348,
18.2-95(II),31,98.8680136637837,18.2-95,property
18.2-265.3,31,98.87176878164595,18.2-265.3,drug
58.1-4018,31,98.8755238995082,58.1-4018,
18.2-22/18.2-91,30,98.87915788453618,18.2-22,
18.2-370.2,30,98.88279186956416,18.2-370.2,juvenile_family
18.2-213.2,30,98.88642585459216,18.2-213.2,fraud_financial
23-7.1,30,98.89005983962012,23-7.1,
18.2-270.1,30,98.89369382464812,18.2-270.1,dui_traffic_criminal
C.46.2-873,30,98.89732780967609,46.2-873,traffic
4.1-1105.1,30,98.90096179470407,4.1-1105.1,
18.2-67.5,30,98.90459577973203,18.2-67.5,sexual_offense
18.2-370.6,29,98.90810863192576,18.2-370.6,juvenile_family
18.2-144.1,29,98.91162148411948,18.2-144.1,property
A.46.2-819.1,29,98.9151343363132,46.2-819.1,traffic
46-157,29,98.91864718850692,46-157,
18.2-356,29,98.92216004070065,18.2-356,juvenile_family
C.46.2-707,29,98.92567289289435,46.2-707,traffic
B.46.2-1095,29,98.92918574508806,46.2-1095,traffic
18.2-153,29,98.9326985972818,18.2-153,property
23-10,29,98.9362114494755,23-10,
18.2-138,29,98.93972430166922,18.2-138,property
4.1-306,29,98.94323715386292,4.1-306,
18.2-473.2,29,98.94675000605665,18.2-473.2,obstruction_justice
23-22.1,29,98.95026285825035,23-22.1,
16-3.1,28,98.9536545776098,16-3.1,
46.2-806,28,98.95704629696924,46.2-806,traffic
A.46.2-1030,28,98.96043801632872,46.2-1030,traffic
21-1/18.2-266,28,98.96382973568817,21-1,
21-1/46.2-825,27,98.96710032221334,21-1,
21-1/46.2-870,27,98.97037090873852,21-1,
46.2-835,27,98.9736414952637,46.2-835,traffic
18.2-250(A),27,98.9769120817889,18.2-250,drug
54-32,27,98.98018266831409,54-32,
46.2-1565,27,98.98345325483926,46.2-1565,traffic
18.2-447,27,98.98672384136444,18.2-447,
46.2-1564,26,98.98987329505536,46.2-1564,traffic
19.2-100,26,98.99302274874628,19.2-100,procedural_other
18.2-362,26,98.9961722024372,18.2-362,juvenile_family
18.2-178.2,25,98.99920052329384,18.2-178.2,fraud_financial
21-1/46.2-816,25,99.0022288441505,21-1,
18.2-51.6(A),25,99.00525716500717,18.2-51.6,violent
A.46.2-357,25,99.0082854858638,46.2-357,traffic
46.2-878.2,25,99.01131380672044,46.2-878.2,traffic
C.18.2-248,25,99.0143421275771,18.2-248,drug
16.1-279.1,25,99.01737044843377,16.1-279.1,juvenile_family
18.2-374.4,25,99.0203987692904,18.2-374.4,public_order
46-209,25,99.02342709014704,46-209,
46.2-1561,25,99.02645541100372,46.2-1561,traffic
18.2-472.1(A),25,99.02948373186037,18.2-472.1,obstruction_justice
46.2-349,25,99.032512052717,46.2-349,traffic
4.1-1107,25,99.03554037357368,4.1-1107,
19.2-182.8,25,99.03856869443032,19.2-182.8,procedural_other
46.2-877,25,99.04159701528695,46.2-877,traffic
46.2-878.1,25,99.0446253361436,46.2-878.1,traffic
18.2-435,25,99.04765365700028,18.2-435,
18.2-182,25,99.05068197785693,18.2-182,fraud_financial
29-73.1,24,99.0535891658793,29-73.1,
18.2-126,24,99.0564963539017,18.2-126,property
18.2-204.1,24,99.05940354192408,18.2-204.1,fraud_financial
21-1/46.2-646,24,99.06231072994646,21-1,
19.2-295.2:1,24,99.06521791796884,19.2-295.2:1,procedural_other
B.46.2-1112,24,99.06812510599124,46.2-1112,traffic
18.2-456 A6,24,99.07103229401362,18.2-456 A6,obstruction_justice
18.2-370(A),24,99.073939482036,18.2-370,juvenile_family
A.46.2-829,24,99.0768466700584,46.2-829,traffic
C.46.2-881,24,99.07975385808078,46.2-881,traffic
18.2-79,23,99.08253991326887,18.2-79,
27-100,23,99.085325968457,27-100,
18.2-67.1(A)(1),23,99.08811202364512,18.2-67.1,sexual_offense
18.2-162,23,99.09089807883323,18.2-162,
19.2-266.4,23,99.09368413402136,19.2-266.4,procedural_other
B.46.2-1158,23,99.09647018920948,46.2-1158,traffic
46.2-845,23,99.0992562443976,46.2-845,traffic
46.2-308,22,99.10192116675144,46.2-308,traffic
18.2-196,22,99.10458608910533,18.2-196,fraud_financial
46.2-665,22,99.10725101145916,46.2-665,traffic
46.2-1095,22,99.109915933813,46.2-1095,traffic
A.46.2-856,22,99.11258085616689,46.2-856,traffic
46.2-863,22,99.11524577852072,46.2-863,traffic
18.2-93,22,99.11791070087456,18.2-93,property
5-530,22,99.12057562322843,5-530,
46.2-865.1,22,99.12324054558228,46.2-865.1,traffic
18.2-165.2,22,99.12590546793614,18.2-165.2,
18.2-260.1,22,99.12857039029,18.2-260.1,drug
46.2-915.1,22,99.13123531264384,46.2-915.1,traffic
29.1-553,22,99.1339002349977,29.1-553,
18.2-308(A),22,99.13656515735155,18.2-308,weapons
29.1-550,21,99.13910894687112,29.1-550,
999999999999999,21,99.14165273639072,999999999999999,
28.2-201,21,99.14419652591032,28.2-201,
29.1-564,21,99.1467403154299,29.1-564,
46.2-613(3),21,99.14928410494949,46.2-613,traffic
18.2-132,21,99.15182789446908,18.2-132,property
18.2-371.2,21,99.15437168398866,18.2-371.2,
18.2-152.5:1,21,99.15691547350823,18.2-152.5:1,property
46.2-1002,21,99.15945926302784,46.2-1002,traffic
18.2-371.1(A),21,99.16200305254742,18.2-371.1,child_abuse
18.2-456 (A5),20,99.16442570923276,18.2-456,obstruction_justice
18.2-248.5,20,99.16684836591809,18.2-248.5,drug
18.2-195.2,20,99.16927102260338,18.2-195.2,fraud_financial
18.2-186.3(D),20,99.17169367928872,18.2-186.3,fraud_financial
46.2-1053,20,99.17411633597403,46.2-1053,traffic
B.46.2-817,20,99.17653899265936,46.2-817,traffic
23-11,20,99.17896164934469,23-11,
46.2-712,20,99.18138430603,46.2-712,traffic
21-1/46.2-707,20,99.18380696271532,21-1,
19.2-62,20,99.18622961940063,19.2-62,procedural_other
4.1-308,20,99.18865227608596,4.1-308,
46.2-861.1,20,99.19107493277129,46.2-861.1,traffic
19.2-152,19,99.19337645662232,19.2-152,procedural_other
18.2-134,19,99.1956779804734,18.2-134,property
19.2-161,19,99.19797950432444,19.2-161,procedural_other
18.2-308.4(C),19,99.2002810281755,18.2-308.4,weapons
18.2-248 (C),19,99.20258255202656,18.2-248,drug
18.2-308.4(B),19,99.2048840758776,18.2-308.4,weapons
18.2-26/18.2-58,19,99.20718559972866,18.2-26,
54-33,19,99.20948712357972,54-33,
A.46.2-854,19,99.21178864743078,46.2-854,traffic
46.2-1559,18,99.21396903844756,46.2-1559,traffic
18.2-186.4,18,99.21614942946437,18.2-186.4,fraud_financial
16.1-285.2,18,99.21832982048116,16.1-285.2,juvenile_family
46.2-1034,18,99.22051021149792,46.2-1034,traffic
46.2-1157,18,99.22269060251472,46.2-1157,traffic
F.46.2-873,18,99.22487099353152,46.2-873,traffic
2021-04-5-7,18,99.22705138454828,2021-04-5-7,
A.46.2-1052,17,99.22911064273082,46.2-1052,traffic
3.2-6587,17,99.23116990091334,3.2-6587,animal_cruelty
19.2-99,17,99.23322915909588,19.2-99,procedural_other
21-1/46.2-818.2,17,99.23528841727838,21-1,
A.46.2-301,17,99.23734767546092,46.2-301,traffic
21-1/46.2-821,17,99.23940693364344,21-1,
18.2-314,17,99.24146619182596,18.2-314,
32.1-27,17,99.24352545000848,32.1-27,
18.2-405,17,99.245584708191,18.2-405,
3.2-6554,17,99.24764396637352,3.2-6554,animal_cruelty
18.2-417,17,99.24970322455604,18.2-417,
25-224,17,99.25176248273856,25-224,
46.2-824,17,99.2538217409211,46.2-824,traffic
46.2-808.1,17,99.2558809991036,46.2-808.1,traffic
46.2-1080,16,99.25781912445188,46.2-1080,traffic
18.2-152.7:2,16,99.25975724980012,18.2-152.7:2,property
24-13,16,99.2616953751484,24-13,
46.2-730,16,99.26363350049664,46.2-730,traffic
18.2-171,16,99.2655716258449,18.2-171,fraud_financial
33.2-501B,16,99.26750975119316,33.2-501B,
46.2-341.7,16,99.26944787654142,46.2-341.7,traffic
46.2-924,16,99.27138600188968,46.2-924,traffic
2021-04-5-14,16,99.27332412723791,2021-04-5-14,
16.1-253.4,16,99.2752622525862,16.1-253.4,juvenile_family
23-43,16,99.27720037793443,23-43,
18.2-311,16,99.2791385032827,18.2-311,weapons
19.2-270.4:1,16,99.28107662863096,19.2-270.4:1,procedural_other
18.2-108(A),16,99.28301475397922,18.2-108,property
46.2-861.1(B),15,99.2848317464932,46.2-861.1,traffic
4.1-1101,15,99.2866487390072,4.1-1101,
46.2-844,15,99.2884657315212,46.2-844,traffic
46.2-329,15,99.29028272403518,46.2-329,traffic
46.2-1156,15,99.29209971654916,46.2-1156,traffic
46.2-1040,15,99.29391670906315,46.2-1040,traffic
5-38,15,99.29573370157716,5-38,
18.2-60.4(A),15,99.29755069409114,18.2-60.4,protective_order_violation
46.2-833.1,15,99.29936768660514,46.2-833.1,traffic
18.2-282(A),15,99.30118467911912,18.2-282,weapons
18.2-151,15,99.30300167163313,18.2-151,property
18.2-408,15,99.3048186641471,18.2-408,
18.2-26/18.2-91,15,99.3066356566611,18.2-26,
22.1-254,15,99.30845264917508,22.1-254,
18.2-328,14,99.3101485088548,18.2-328,
29-10,14,99.31184436853454,29-10,
13-23,14,99.31354022821426,13-23,
18.2-287.2,14,99.31523608789398,18.2-287.2,weapons
21-1/46.2-1052,14,99.3169319475737,21-1,
18.2-323.01,14,99.31862780725343,18.2-323.01,
18.2-423.01,14,99.32032366693316,18.2-423.01,
2021-04-5-3(2),14,99.32201952661288,2021-04-5-3,
18.2-376.1,14,99.3237153862926,18.2-376.1,public_order
3.2-6538,14,99.32541124597232,3.2-6538,animal_cruelty
54-31,13,99.3269859728178,54-31,
46.2-346,13,99.32856069966326,46.2-346,traffic
46.2-849,13,99.3301354265087,46.2-849,traffic
46.2-617,13,99.33171015335417,46.2-617,traffic
18.2-308.1:2,13,99.33328488019964,18.2-308.1:2,weapons
46.2-865,13,99.33485960704508,46.2-865,traffic
46.2-928,13,99.33643433389057,46.2-928,traffic
18.2-258.02,13,99.338009060736,18.2-258.02,drug
55.1-2820,13,99.33958378758146,55.1-2820,
19.2-315,13,99.34115851442692,19.2-315,procedural_other
A.46.2-873,13,99.34273324127238,46.2-873,traffic
18.2-82,13,99.34430796811785,18.2-82,
18.2-477.2,13,99.3458826949633,18.2-477.2,obstruction_justice
48-3,13,99.34745742180876,48-3,
"18.2-67.1(A,2)",12,99.34891101581997,18.2-67.1,sexual_offense
18.2-27,12,99.35036460983116,18.2-27,
29.1-523,12,99.35181820384231,29.1-523,
5-305,12,99.35327179785352,5-305,
46.2-1078,12,99.35472539186472,46.2-1078,traffic
24.2-1012,12,99.35617898587591,24.2-1012,
"18.2-67.3(A,3)",12,99.35763257988712,18.2-67.3,sexual_offense
18.2-268,12,99.35908617389828,18.2-268,dui_traffic_criminal
18.2-272(A),12,99.36053976790949,18.2-272,dui_traffic_criminal
18.2-374.3(C),12,99.36199336192068,18.2-374.3,public_order
60.2-518,12,99.36344695593188,60.2-518,
46.2-703D,12,99.36490054994309,46.2-703D,traffic
13-60,12,99.36635414395424,13-60,
46.2-1011,12,99.36780773796544,46.2-1011,traffic
18.2-331,12,99.36926133197665,18.2-331,
21-1/46.2-612,12,99.37071492598784,21-1,
8-128,12,99.37216851999904,8-128,
19.2-132,12,99.37362211401022,19.2-132,procedural_other
18.2-308.2:2(K),12,99.3750757080214,18.2-308.2:2,weapons
46.2-1079,12,99.3765293020326,46.2-1079,traffic
18.2-461.1,12,99.3779828960438,18.2-461.1,obstruction_justice
24-6,12,99.379436490055,24-6,
18.2-186.3(B1),12,99.38089008406618,18.2-186.3,fraud_financial
18.2-287.01,12,99.38234367807738,18.2-287.01,weapons
18.2-189,12,99.38379727208856,18.2-189,fraud_financial
A.46.2-341.24,12,99.38525086609975,46.2-341.24,traffic
4VAC15-40-290,12,99.38670446011096,4VAC15-40-290,
18.2-67.2(A)(1),12,99.38815805412214,18.2-67.2,sexual_offense
25-152,12,99.38961164813334,25-152,
18.2-54.2,12,99.39106524214452,18.2-54.2,violent
18.2-456 A5,11,99.39239770332146,18.2-456 A5,obstruction_justice
21-1/46.2-715,11,99.3937301644984,21-1,
18.2-56,11,99.39506262567532,18.2-56,violent
18.2-159,11,99.39639508685224,18.2-159,property
25-280,11,99.39772754802917,25-280,
18.2-308.1:8,11,99.3990600092061,18.2-308.1:8,weapons
18.2-304,11,99.40039247038304,18.2-304,weapons
A.46.2-857,11,99.40172493155995,46.2-857,traffic
46.2-860,11,99.40305739273688,46.2-860,traffic
32.1-321.4,11,99.4043898539138,32.1-321.4,
18.2-40,11,99.40572231509071,18.2-40,violent
18.2-151.1,11,99.40705477626766,18.2-151.1,property
"18.2-67.1(A,1)",11,99.4083872374446,18.2-67.1,sexual_offense
46.2-341.7(A),11,99.40971969862152,46.2-341.7,traffic
46.2-1077,11,99.41105215979844,46.2-1077,traffic
53.1-28,11,99.41238462097536,53.1-28,corrections_related
46.2-335(C),11,99.41371708215227,46.2-335,traffic
21-1/46.2-830,11,99.41504954332922,21-1,
18.2-56.1(A),11,99.41638200450616,18.2-56.1,violent
18.2-406,11,99.41771446568306,18.2-406,
46.2-606,11,99.41904692686,46.2-606,traffic
A.46.2-1112,11,99.42037938803692,46.2-1112,traffic
7-35,11,99.42171184921384,7-35,
18.2-374.3(D),10,99.42292317755653,18.2-374.3,public_order
16-3.1/36-106,10,99.42413450589918,16-3.1,
2003-10-03 00:00:00,10,99.42534583424182,2003-10-03 00:00:00,
46.2-910,10,99.42655716258449,46.2-910,traffic
46.2-808,10,99.42776849092716,46.2-808,traffic
46.2-868,10,99.4289798192698,46.2-868,traffic
2021-04-7-7,10,99.43019114761248,2021-04-7-7,
21-1/18.2-272,10,99.43140247595514,21-1,
19.2-128(C),10,99.4326138042978,19.2-128,failure_to_appear
4.1-1109,10,99.43382513264044,4.1-1109,
18.2-374.1:1(C),10,99.43503646098311,18.2-374.1:1,public_order
4.1-304,10,99.43624778932578,4.1-304,
5-200,10,99.43745911766844,5-200,
18.2-456(A)(4),10,99.4386704460111,18.2-456,obstruction_justice
18.2-96.1,10,99.43988177435376,18.2-96.1,property
63.2-1513,10,99.4410931026964,63.2-1513,
23-48,10,99.44230443103908,23-48,
18.2-309,10,99.44351575938174,18.2-309,weapons
18.2-473,10,99.4447270877244,18.2-473,obstruction_justice
5610.1,10,99.44593841606708,5610.1,
18.2-248.02,10,99.44714974440971,18.2-248.02,drug
18.2-22/18.2-95,10,99.44836107275238,18.2-22,
17-7 (18.2-388),10,99.44957240109504,17-7,
18.2-404,10,99.4507837294377,18.2-404,
3.2-6570(F),10,99.45199505778037,3.2-6570,animal_cruelty
29-48,10,99.45320638612304,29-48,
18.2-186.3(A),10,99.45441771446568,18.2-186.3,fraud_financial
"18.2-67.2(A,1)",10,99.45562904280834,18.2-67.2,sexual_offense
17-7,10,99.456840371151,17-7,
18.2-194,10,99.45805169949368,18.2-194,fraud_financial
46.2-861,10,99.45926302783631,46.2-861,traffic
46.2-1242,10,99.460474356179,46.2-1242,traffic
46.2-613(4),10,99.46168568452164,46.2-613,traffic
18.2-216,10,99.4628970128643,18.2-216,fraud_financial
18.2-462.1,9,99.4639872083727,18.2-462.1,obstruction_justice
18.2-169,9,99.4650774038811,18.2-169,fraud_financial
53.1-131.2,9,99.4661675993895,53.1-131.2,corrections_related
10-43,9,99.46725779489788,10-43,
14-4,9,99.46834799040629,14-4,
43-13,9,99.46943818591468,43-13,
18.2-195(1),9,99.47052838142308,18.2-195,fraud_financial
18.2-374.1:1(D),9,99.47161857693146,18.2-374.1:1,public_order
19.2-303.6,9,99.47270877243986,19.2-303.6,procedural_other
18.2-59.1,9,99.47379896794826,18.2-59.1,
18.2-55.1,9,99.47488916345664,18.2-55.1,violent
18.2-163,9,99.47597935896503,18.2-163,
23-14,9,99.47706955447345,23-14,
18.2-280(A),9,99.47815974998184,18.2-280,weapons
46.2-330,9,99.47924994549022,46.2-330,traffic
18.2-257,9,99.48034014099862,18.2-257,drug
3.2-6552,9,99.48143033650702,3.2-6552,animal_cruelty
10-3-0830,9,99.4825205320154,10-3-0830,
18.2-58(2),9,99.4836107275238,18.2-58,violent
18.2-63(A),9,99.4847009230322,18.2-63,sexual_offense
21-1/46.2-873,9,99.4857911185406,21-1,
46.2-703,9,99.486881314049,46.2-703,traffic
53.1-203(5),9,99.48797150955738,53.1-203,corrections_related
466.07,9,99.48906170506578,466.07,
46.2-1054,9,99.49015190057418,46.2-1054,traffic
46.2-301.1,9,99.49124209608256,46.2-301.1,traffic
18.2-295,9,99.49233229159096,18.2-295,weapons
46.2-341.21,9,99.49342248709937,46.2-341.21,traffic
H.46.2-878,9,99.49451268260776,46.2-878,traffic
46.2-1070,9,99.49560287811616,46.2-1070,traffic
46.2-873,8,99.49657194079028,46.2-873,traffic
46-42,8,99.4975410034644,46-42,
21-1/46.2-853,8,99.49851006613852,21-1,
37.2-912,8,99.49947912881264,37.2-912,
2026-10-06 00:00:00,8,99.50044819148678,2026-10-06 00:00:00,
16.1-278.16,8,99.50141725416093,16.1-278.16,juvenile_family
19.2-298,8,99.50238631683504,19.2-298,procedural_other
18.2-22/18.2-51,8,99.50335537950916,18.2-22,
29.1-520,8,99.5043244421833,29.1-520,
2026-06-25 00:00:00,8,99.50529350485742,2026-06-25 00:00:00,
18.2-22/47,8,99.50626256753156,18.2-22,
A.18.2-91,8,99.50723163020568,18.2-91,property
3.2-6540.1,8,99.5082006928798,3.2-6540.1,animal_cruelty
B.46.2-862,8,99.50916975555394,46.2-862,traffic
19.2-152.10,8,99.51013881822809,19.2-152.10,procedural_other
13-200,8,99.5111078809022,13-200,
10-42,8,99.51207694357632,10-42,
A.18.2-95,8,99.51304600625043,18.2-95,property
18.2-26/18.2-95,8,99.51401506892458,18.2-26,
19.2-303.2,8,99.51498413159872,19.2-303.2,procedural_other
8-70,8,99.51595319427284,8-70,
2020-05-7-4,8,99.51692225694696,2020-05-7-4,
21-1/46.2-835,8,99.5178913196211,21-1,
18.2-456(A6),8,99.51886038229524,18.2-456,obstruction_justice
46.2-341.24,8,99.51982944496936,46.2-341.24,traffic
21-1/46.2-104,8,99.52079850764348,21-1,
"18.2-61(A,I)",8,99.5217675703176,18.2-61,sexual_offense
21-1/46.2-1094,8,99.52273663299174,21-1,
18.2-107,8,99.52370569566588,18.2-107,property
46.2-1139,8,99.52467475834,46.2-1139,traffic
29.1-338,8,99.52564382101411,29.1-338,
24-12,8,99.52661288368826,24-12,
13.1-520,8,99.52758194636236,13.1-520,
13.1-502,8,99.5285510090365,13.1-502,
18.2-248(G),8,99.52952007171064,18.2-248,drug
D.46.2-862,8,99.53048913438477,46.2-862,traffic
18.2-67.3(A)(3),8,99.5314581970589,18.2-67.3,sexual_offense
21-1/46.2-818,8,99.53242725973304,21-1,
18.2-480,8,99.53339632240716,18.2-480,obstruction_justice
40-17,8,99.53436538508129,40-17,
25-217,8,99.5353344477554,25-217,
2026-05-25 00:00:00,8,99.53630351042952,2026-05-25 00:00:00,
18.2-409,8,99.53727257310366,18.2-409,
18.2-88,8,99.5382416357778,18.2-88,
46.2-706,8,99.53921069845192,46.2-706,traffic
18.2-289,8,99.54017976112604,18.2-289,weapons
24-33,8,99.5411488238002,24-33,
19.1-52,7,99.54199675364003,19.1-52,
46.2-656,7,99.5428446834799,46.2-656,traffic
55.1-2838,7,99.54369261331976,55.1-2838,
18.2-22/18.2-90,7,99.54454054315964,18.2-22,
23-7.3,7,99.54538847299948,23-7.3,
"18.2-137(B,II)",7,99.54623640283936,18.2-137,property
18.2-196.1,7,99.54708433267922,18.2-196.1,fraud_financial
28-27,7,99.54793226251908,28-27,
18.2-57.2(A),7,99.54878019235896,18.2-57.2,violent
27-67,7,99.5496281221988,27-67,
16.1-291,7,99.55047605203866,16.1-291,juvenile_family
4-243,7,99.55132398187853,4-243,
46.2-359,7,99.5521719117184,46.2-359,traffic
27-10,7,99.55301984155824,27-10,
18.2-195(1)(A),7,99.55386777139812,18.2-195,fraud_financial
29.1-525,7,99.55471570123798,29.1-525,
53.1-203(6),7,99.55556363107785,53.1-203,corrections_related
19.2-152.16,7,99.55641156091772,19.2-152.16,procedural_other
18.2-60(A)(1),7,99.55725949075756,18.2-60,violent
21-1/46.2-826,7,99.55810742059742,21-1,
29.1-738,7,99.55895535043727,29.1-738,
29-8,7,99.55980328027717,29-8,
19.2-82,7,99.56065121011702,19.2-82,procedural_other
18.2-251.3,7,99.56149913995688,18.2-251.3,drug
6-50,7,99.56234706979674,6-50,
10-3-0874,7,99.5631949996366,10-3-0874,
74-73,7,99.56404292947646,74-73,
23-7.3(18.2-460,7,99.56489085931632,23-7.3(18.2-460,
13.1-507,7,99.5657387891562,13.1-507,
46.2-805,7,99.56658671899604,46.2-805,traffic
33.1-346,7,99.56743464883591,33.1-346,
Z.18.2-32,7,99.56828257867578,18.2-32,violent
4.1-300,7,99.56913050851564,4.1-300,
18.2-113,7,99.5699784383555,18.2-113,property
46.2-335,7,99.57082636819536,46.2-335,traffic
18.2-97.1,7,99.57167429803522,18.2-97.1,property
21-1/46.2-1095,7,99.57252222787508,21-1,
18.2-54.1,7,99.57337015771496,18.2-54.1,violent
5-79,7,99.5742180875548,5-79,
46.2-843,7,99.57506601739468,46.2-843,traffic
46.2-818(1),7,99.57591394723454,46.2-818,traffic
18.2-60.4(C),7,99.5767618770744,18.2-60.4,protective_order_violation
2026-04-21 00:00:00,7,99.57760980691428,2026-04-21 00:00:00,
3.2-6518,7,99.57845773675412,3.2-6518,animal_cruelty
4.1-302,7,99.57930566659398,4.1-302,
18.2-25/18.2-31,7,99.58015359643385,18.2-25,
18.2-498.3,7,99.58100152627372,18.2-498.3,
24-258,7,99.58184945611356,24-258,
46-182,7,99.58269738595344,46-182,
46.2-897,7,99.5835453157933,46.2-897,traffic
21-1/46.2-1030,7,99.58439324563317,21-1,
25-191,7,99.58524117547304,25-191,
18.2-108.01(A),6,99.5859679724786,18.2-108.01,property
18.2-137(B),6,99.5866947694842,18.2-137,property
18.2-174.1,6,99.5874215664898,18.2-174.1,fraud_financial
19.2-128 (C),6,99.5881483634954,19.2-128,failure_to_appear
18.2-67.4:1,6,99.588875160501,18.2-67.4:1,sexual_offense
5-532,6,99.5896019575066,5-532,
18.2-464,6,99.5903287545122,18.2-464,obstruction_justice
18.2-366(B),6,99.5910555515178,18.2-366,juvenile_family
18.2-22/18.2-32,6,99.5917823485234,18.2-22,
46.2-1543,6,99.592509145529,46.2-1543,traffic
13-1-5,6,99.59323594253458,13-1-5,
5-77,6,99.59396273954016,5-77,
18.2-67.3(A)(5),6,99.59468953654576,18.2-67.3,sexual_offense
46.2-834,6,99.59541633355136,46.2-834,traffic
16-41.2,6,99.59614313055695,16-41.2,
3.2-6540.1(D),6,99.59686992756257,3.2-6540.1,animal_cruelty
46.2-818,6,99.59759672456816,46.2-818,traffic
18.2-48(II),6,99.59832352157376,18.2-48,violent
16-8-12,6,99.59905031857936,16-8-12,
18.2-510,6,99.59977711558496,18.2-510,
13-41,6,99.60050391259054,13-41,
22.1-289.027(3),6,99.60123070959614,22.1-289.027,
54-66,6,99.60195750660174,54-66,
18.2-57(E),6,99.60268430360732,18.2-57,violent
10-3-3,6,99.60341110061292,10-3-3,
62.1-194.1,6,99.60413789761851,62.1-194.1,
18.2-251.5,6,99.60486469462413,18.2-251.5,drug
"18.2-192(1,A)",6,99.60559149162972,18.2-192,fraud_financial
13-62,6,99.60631828863532,13-62,
18.1-44,6,99.60704508564092,18.1-44,
23-10(18.2-415),6,99.6077718826465,23-10,
46.2-915.2,6,99.6084986796521,46.2-915.2,traffic
G.46.2-881,6,99.6092254766577,46.2-881,traffic
18.2-246,6,99.6099522736633,18.2-246,
46.2-1063,6,99.6106790706689,46.2-1063,traffic
44-146.17,6,99.61140586767448,44-146.17,
18.2-160.1,6,99.61213266468008,18.2-160.1,property
4.1-318,6,99.61285946168567,4.1-318,
18.2-472,6,99.61358625869129,18.2-472,obstruction_justice
18.2-311.2,6,99.61431305569688,18.2-311.2,
23-50,6,99.61503985270248,23-50,
18.2-428,6,99.61576664970806,18.2-428,
29.1-530.1,6,99.61649344671366,29.1-530.1,
18.2-324,6,99.61722024371926,18.2-324,
4 VAC20-720-80,6,99.61794704072486,4 VAC20-720-80,
3-47,6,99.61867383773046,3-47,
4-23,6,99.61940063473604,4-23,
24-7,6,99.62012743174164,24-7,
29.1-548,6,99.62085422874723,29.1-548,
14.2-16,6,99.62158102575285,14.2-16,
4.1-313,6,99.62230782275844,4.1-313,
18.2-195.1,6,99.62303461976404,18.2-195.1,fraud_financial
18.2-248(D),6,99.62376141676964,18.2-248,drug
46.2-889,6,99.62448821377522,46.2-889,traffic
99VCC999.010,6,99.62521501078082,99VCC999.010,
18.2-137(B)(II),6,99.62594180778642,18.2-137,property
25-656.2,6,99.62666860479202,25-656.2,
"18.2-61(A,1)",6,99.6273954017976,18.2-61,sexual_offense
6-28,6,99.6281221988032,6-28,
16-40,6,99.6288489958088,16-40,
40-3,6,99.6295757928144,40-3,
55-73,6,99.63030258982,55-73,
6.1-79,6,99.6310293868256,6.1-79,
46.2-1163,6,99.6317561838312,46.2-1163,traffic
4-185,6,99.63248298083678,4-185,
21-1/46.2-716,6,99.63320977784238,21-1,
4-365,6,99.63393657484798,4-365,
33.2-503,6,99.63466337185358,33.2-503,
A.46.2-865.1,5,99.63526903602492,46.2-865.1,traffic
A.18.2-67.3,5,99.63587470019624,18.2-67.3,sexual_offense
23-2,5,99.63648036436756,23-2,
46.2-612(2),5,99.6370860285389,46.2-612,traffic
2021-04-7.5,5,99.63769169271022,2021-04-7.5,
46.2-1239,5,99.63829735688157,46.2-1239,traffic
18.2-112.1,5,99.63890302105288,18.2-112.1,property
21-1/46.2-335,5,99.6395086852242,21-1,
46.2-391D2I,5,99.64011434939556,46.2-391D2I,traffic
5-1 (36-106),5,99.64072001356688,5-1,
18.2-460(C),5,99.6413256777382,18.2-460,obstruction_justice
18.2-77(A)(I),5,99.64193134190954,18.2-77,
4-62 (3.2-6521),5,99.64253700608089,4-62,
4-40 (3.2-6524),5,99.6431426702522,4-40,
612.13,5,99.64374833442352,612.13,
18.2-193(1)(C),5,99.64435399859488,18.2-193,fraud_financial
38-3(18.2-280),5,99.64495966276618,38-3,
16.1-285.1,5,99.64556532693751,16.1-285.1,juvenile_family
21-1/46.2-817,5,99.64617099110885,21-1,
29.1-735,5,99.64677665528018,29.1-735,
18.2-371.3,5,99.64738231945152,18.2-371.3,
46.2-923,5,99.64798798362284,46.2-923,traffic
23-31,5,99.64859364779416,23-31,
21-1/46.2-1173,5,99.6491993119655,21-1,
46.2-818.2(E),5,99.64980497613683,46.2-818.2,traffic
52-8.4,5,99.65041064030817,52-8.4,
4-47,5,99.6510163044795,4-47,
18.2-67.2(A)(2),5,99.65162196865084,18.2-67.2,sexual_offense
5-25,5,99.65222763282216,5-25,
9.1.N,5,99.65283329699348,9.1.N,
46.2-1020,5,99.6534389611648,46.2-1020,traffic
15-126,5,99.65404462533614,15-126,
18.2-26/370,5,99.65465028950749,18.2-26,
16-41.1,5,99.6552559536788,16-41.1,
46.2-341.20:5,5,99.65586161785014,46.2-341.20:5,traffic
18.2-152.6,5,99.65646728202148,18.2-152.6,property
19.2-123(D),5,99.6570729461928,19.2-123,procedural_other
46.2-752,5,99.65767861036412,46.2-752,traffic
46.2-391D(2)(II,5,99.65828427453546,46.2-391D(2)(II,traffic
4.1-322,5,99.6588899387068,4.1-322,
4-31,5,99.65949560287812,4-31,
18.2-456(A5),5,99.66010126704944,18.2-456,obstruction_justice
A.46.2-894,5,99.66070693122076,46.2-894,traffic
46.2-817A,5,99.6613125953921,46.2-817A,traffic
2026-05-21 00:00:00,5,99.66191825956344,2026-05-21 00:00:00,
46.2-1014.1,5,99.66252392373477,46.2-1014.1,traffic
21-1/46.2-391,5,99.6631295879061,21-1,
18.2-102.1,5,99.66373525207744,18.2-102.1,property
46.2-371,5,99.66434091624876,46.2-371,traffic
6-62,5,99.6649465804201,6-62,
46.2-822,5,99.66555224459142,46.2-822,traffic
28-29,5,99.66615790876276,28-29,
40.1-29,5,99.66676357293407,40.1-29,
18.2-26/18.2-89,5,99.6673692371054,18.2-26,
18.2-246.3(A),5,99.66797490127674,18.2-246.3,
5.24,5,99.66858056544808,5.24,
74-208,5,99.6691862296194,74-208,
16.1-10,5,99.66979189379072,16.1-10,juvenile_family
24-7602,5,99.67039755796206,24-7602,
4.1-309,5,99.6710032221334,4.1-309,
46.2-861.1(A)C,5,99.67160888630472,46.2-861.1(A)C,traffic
46.2-116,5,99.67221455047606,46.2-116,traffic
46.2-391D(2)(I),5,99.6728202146474,46.2-391D,traffic
46.2-1137,5,99.67342587881872,46.2-1137,traffic
18.2-67.10,5,99.67403154299004,18.2-67.10,sexual_offense
18.2-105.2,5,99.67463720716135,18.2-105.2,property
5-543,5,99.6752428713327,5-543,
46.2-662,5,99.67584853550404,46.2-662,traffic
14-10,5,99.67645419967536,14-10,
4-307,5,99.6770598638467,4-307,
46.2-903,5,99.67766552801804,46.2-903,traffic
A.18.2-51.2,5,99.67827119218936,18.2-51.2,violent
5-533,5,99.67887685636067,5-533,
7-7.1,5,99.67948252053202,7-7.1,
21-1/46.2-613(1,5,99.68008818470337,21-1,
38-3,5,99.68069384887468,38-3,
18.2-29/18.2-61,5,99.681299513046,18.2-29,
18.2-146.1,5,99.68190517721732,18.2-146.1,property
Z.18.2-91,5,99.68251084138866,18.2-91,property
A.46.2-1110,5,99.68311650556,46.2-1110,traffic
18.2-370(A)(1),5,99.68372216973133,18.2-370,juvenile_family
18.2-26/18.2-32,5,99.68432783390266,18.2-26,
54.1-3904,5,99.684933498074,54.1-3904,drug
18.2-414.1,5,99.68553916224532,18.2-414.1,
18.2-58(4),5,99.68614482641664,18.2-58,violent
"18.2-67.2(A,2)",5,99.68675049058798,18.2-67.2,sexual_offense
46.2-816.1,5,99.68735615475931,46.2-816.1,traffic
2026-04-12 00:00:00,4,99.68784068609638,2026-04-12 00:00:00,
99VCC999.133,4,99.68832521743344,99VCC999.133,
18.2-58(3),4,99.6888097487705,18.2-58,violent
18.2-248.1:1,4,99.68929428010756,18.2-248.1:1,drug
18.2-370(2),4,99.68977881144464,18.2-370,juvenile_family
21-1/46.2-1003,4,99.69026334278168,21-1,
18.2-125,4,99.69074787411876,18.2-125,property
21-1/46.2-865,4,99.69123240545582,21-1,
46.2-1010,4,99.69171693679289,46.2-1010,traffic
6.2-943,4,99.69220146812997,6.2-943,
21-1/18.2-268.3,4,99.69268599946702,21-1,
23-14(18.2-415),4,99.69317053080408,23-14,
29.1-740,4,99.69365506214116,29.1-740,
7-46,4,99.6941395934782,7-46,
21-1/46.2-1172,4,99.69462412481528,21-1,
004-22,4,99.69510865615234,004-22,
18.2-374.1(B)(1,4,99.6955931874894,18.2-374.1(B)(1,public_order
22-67,4,99.69607771882646,22-67,
58.1-3700,4,99.69656225016352,58.1-3700,
29.1-519,4,99.6970467815006,29.1-519,
5-531,4,99.69753131283764,5-531,
29.1-748,4,99.69801584417472,29.1-748,
18.2-87,4,99.69850037551178,18.2-87,
10.1-1418.2,4,99.69898490684884,10.1-1418.2,
46.2-866,4,99.69946943818591,46.2-866,traffic
10-45,4,99.69995396952298,10-45,
18.2-322,4,99.70043850086005,18.2-322,
14.2-81,4,99.70092303219712,14.2-81,
16.1-253.2(C),4,99.70140756353418,16.1-253.2,juvenile_family
54.1-703,4,99.70189209487124,54.1-703,drug
23-7,4,99.7023766262083,23-7,
2026-04-13 00:00:00,4,99.70286115754536,2026-04-13 00:00:00,
2020-05-10-1,4,99.70334568888242,2020-05-10-1,
46.2-698,4,99.70383022021949,46.2-698,traffic
7-38,4,99.70431475155657,7-38,
78-158/78-153,4,99.70479928289362,78-158,
18.2-374.3(A),4,99.70528381423068,18.2-374.3,public_order
26.8,4,99.70576834556776,26.8,
46.2-1066,4,99.7062528769048,46.2-1066,traffic
"18.2-61(A,III)",4,99.70673740824188,18.2-61,sexual_offense
18.2-248(H)(5),4,99.70722193957894,18.2-248,drug
21-1/46.2-1002,4,99.707706470916,21-1,
21-1/46.2-878.2,4,99.70819100225307,21-1,
4-96,4,99.70867553359014,4-96,
"18.2-61 (A,I)",4,99.7091600649272,18.2-61,sexual_offense
18.2-477,4,99.70964459626428,18.2-477,obstruction_justice
18.2-110.1,4,99.71012912760132,18.2-110.1,property
6.1-76,4,99.7106136589384,6.1-76,
19.2-19,4,99.71109819027544,19.2-19,procedural_other
18.2-374.3(B),4,99.71158272161252,18.2-374.3,public_order
24.2-1004,4,99.71206725294958,24.2-1004,
CIVIL IN NATURE,4,99.71255178428665,CIVIL IN NATURE,
18.2-95(III),4,99.71303631562373,18.2-95,property
18.2-414,4,99.71352084696078,18.2-414,
18.2-456(A)(2),4,99.71400537829784,18.2-456,obstruction_justice
19.2-129,4,99.7144899096349,19.2-129,procedural_other
36.2-315,4,99.71497444097196,36.2-315,
18.2-283.1,4,99.71545897230904,18.2-283.1,weapons
26-34,4,99.7159435036461,26-34,
3-2 (55.1-2820),4,99.71642803498317,3-2,
28.2-527,4,99.71691256632025,28.2-527,
13.1-1007,4,99.7173970976573,13.1-1007,
33.2-503-4,4,99.71788162899436,33.2-503-4,
46.2-1544,4,99.7183661603314,46.2-1544,traffic
2021-04,4,99.71885069166848,2021-04,
46.2-720,4,99.71933522300554,46.2-720,traffic
3.2-6531,4,99.7198197543426,3.2-6531,animal_cruelty
18.2-57.2(B),4,99.72030428567967,18.2-57.2,violent
23-32(A),4,99.72078881701674,23-32,
58-16,4,99.7212733483538,58-16,
46.2-862(I),4,99.72175787969088,46.2-862,traffic
18.2-250(A)(B1),4,99.72224241102792,18.2-250,drug
8.01-654,4,99.722726942365,8.01-654,
40-3(B),4,99.72321147370208,40-3,
46.2-1060,4,99.72369600503912,46.2-1060,traffic
5-80,4,99.7241805363762,5-80,
16.2-253.2,4,99.72466506771326,16.2-253.2,
33.2-804,4,99.72514959905033,33.2-804,
4-74,4,99.72563413038738,4-74,
18.2-308.2:4,4,99.72611866172444,18.2-308.2:4,weapons
18.2-370.1(A),4,99.72660319306152,18.2-370.1,juvenile_family
13-61,4,99.72708772439856,13-61,
21-146.2-862,4,99.72757225573564,21-146.2-862,
74-436,4,99.7280567870727,74-436,
18.2-49,4,99.72854131840975,18.2-49,violent
B.46.2-1110,4,99.72902584974683,46.2-1110,traffic
19.2-182.3,4,99.7295103810839,19.2-182.3,procedural_other
18.2-27/18.2-96,4,99.72999491242096,18.2-27,
10.1-1143,4,99.73047944375804,10.1-1143,
18.2-52.1,4,99.7309639750951,18.2-52.1,violent
21-1/46.2-804(2,4,99.73144850643216,21-1,
74-11,4,99.73193303776922,74-11,
46.2-1550,4,99.73241756910627,46.2-1550,traffic
18.2-456(4),4,99.73290210044334,18.2-456,obstruction_justice
46.2-348,4,99.7333866317804,46.2-348,traffic
46.2-703(D)(2),4,99.73387116311748,46.2-703,traffic
29.1-703,4,99.73435569445454,29.1-703,
18.2-60.4(B),4,99.7348402257916,18.2-60.4,protective_order_violation
18.2-248(C)(4),4,99.73532475712868,18.2-248,drug
21-1/46.2-341.7,4,99.73580928846572,21-1,
54.1-1135,4,99.7362938198028,54.1-1135,drug
21-1/46.2-1014,4,99.73677835113986,21-1,
18.2-67.3(A)(1),4,99.73726288247693,18.2-67.3,sexual_offense
B.46.2-804,4,99.737747413814,46.2-804,traffic
18.2-96(2),4,99.73823194515106,18.2-96,property
46.2-1078.1,4,99.73871647648812,46.2-1078.1,traffic
24.2-1002.1,4,99.7392010078252,24.2-1002.1,
74-243,4,99.73968553916224,74-243,
25-19,4,99.7401700704993,25-19,
31-10,4,99.74065460183635,31-10,
"18.2-61(A,II)",3,99.74101800033915,18.2-61,sexual_offense
24-9,3,99.74138139884197,24-9,
18.2-460E,3,99.74174479734477,18.2-460E,obstruction_justice
16.1-133.1,3,99.74210819584756,16.1-133.1,juvenile_family
21-1/46.2-722,3,99.74247159435036,21-1,
24-2,3,99.74283499285316,24-2,
18.2-60.1,3,99.74319839135596,18.2-60.1,
2026-06-13 00:00:00,3,99.74356178985876,2026-06-13 00:00:00,
21-1/46.2-928,3,99.74392518836156,21-1,
18.2-192(1)(D),3,99.74428858686436,18.2-192,fraud_financial
2026-04-04 00:00:00,3,99.74465198536716,2026-04-04 00:00:00,
21-1/46.2-888,3,99.74501538386995,21-1,
58-165,3,99.74537878237275,58-165,
13-10,3,99.74574218087557,13-10,
29.1-702.1,3,99.74610557937837,29.1-702.1,
"18.2-370(D,II)",3,99.74646897788116,18.2-370,juvenile_family
2026-05-24 00:00:00,3,99.74683237638396,2026-05-24 00:00:00,
16-7,3,99.74719577488672,16-7,
B.46.2-852,3,99.74755917338952,46.2-852,traffic
A.46.2-341.26:3,3,99.74792257189232,46.2-341.26:3,traffic
28.2-1210,3,99.74828597039512,28.2-1210,
11.1-2,3,99.74864936889792,11.1-2,
19-2-306,3,99.74901276740071,19-2-306,
18.2-137(A),3,99.74937616590351,18.2-137,property
23-55,3,99.74973956440633,23-55,
29.1-521 (10),3,99.75010296290912,29.1-521,
19.2-358(E),3,99.75046636141192,19.2-358,procedural_other
18.2-32.2,3,99.75082975991472,18.2-32.2,violent
18.2-32.1,3,99.75119315841752,18.2-32.1,violent
58.1-348,3,99.75155655692032,58.1-348,
18.2-306,3,99.75191995542312,18.2-306,weapons
18.2-48.1,3,99.75228335392592,18.2-48.1,violent
23-32,3,99.75264675242872,23-32,
18.2-308.1:4(B),3,99.75301015093152,18.2-308.1:4,weapons
18.2-204.2(C),3,99.75337354943431,18.2-204.2,fraud_financial
6-46,3,99.75373694793711,6-46,
37-4,3,99.75410034643993,37-4,
29.1-738.01,3,99.7544637449427,29.1-738.01,
21-1/46.2-896,3,99.7548271434455,21-1,
25-166,3,99.7551905419483,25-166,
25-218,3,99.7555539404511,25-218,
10-3-0875,3,99.75591733895388,10-3-0875,
18.2-431,3,99.75628073745668,18.2-431,
18.2-46,3,99.75664413595948,18.2-46,violent
23-8.1,3,99.75700753446228,23-8.1,
18.2-271,3,99.75737093296507,18.2-271,dui_traffic_criminal
15.2-926,3,99.75773433146789,15.2-926,
18.2-456(A),3,99.75809772997069,18.2-456,obstruction_justice
4VAC15-370-50,3,99.75846112847348,4VAC15-370-50,
29.1-702,3,99.75882452697628,29.1-702,
5-544,3,99.75918792547908,5-544,
18.2-190.2,3,99.75955132398188,18.2-190.2,fraud_financial
18.2-317.1,3,99.75991472248468,18.2-317.1,
4VAC15-90-231 B,3,99.76027812098748,4VAC15-90-231 B,
19.2-182.14,3,99.76064151949028,19.2-182.14,procedural_other
6.1-76(A),3,99.76100491799308,6.1-76,
28.2-302.1,3,99.76136831649588,28.2-302.1,
18.2-61A(III),3,99.76173171499866,18.2-61A,sexual_offense
5-77{C-IV},3,99.76209511350146,5-77{C-IV},
18.2-36.2,3,99.76245851200426,18.2-36.2,violent
4VAC15-430-30,3,99.76282191050706,4VAC15-430-30,
5.1-22,3,99.76318530900986,5.1-22,
46-135,3,99.76354870751264,46-135,
18.2-140,3,99.76391210601544,18.2-140,property
5-21,3,99.76427550451824,5-21,
A.18.2-32,3,99.76463890302104,18.2-32,violent
46.2-926,3,99.76500230152384,46.2-926,traffic
14-153,3,99.76536570002663,14-153,
46.2-859,3,99.76572909852943,46.2-859,traffic
74-73 (74-4),3,99.76609249703225,74-73,
46.2-1143,3,99.76645589553505,46.2-1143,traffic
18.2-51.4(B),3,99.76681929403784,18.2-51.4,violent
A.46.2-817,3,99.76718269254064,46.2-817,traffic
CZO 20-202,3,99.76754609104344,CZO 20-202,
74-72,3,99.76790948954624,74-72,
10-45 A4,3,99.76827288804904,10-45 A4,
18.2-308.1:1,3,99.76863628655184,18.2-308.1:1,weapons
13-27,3,99.76899968505464,13-27,
46-15,3,99.76936308355742,46-15,
18.2-329,3,99.76972648206022,18.2-329,
2007-5 9.1,3,99.77008988056302,2007-5 9.1,
19.-305,3,99.77045327906582,19.-305,
18.2-96/104,3,99.77081667756862,18.2-96,property
18.2-130.1,3,99.77118007607142,18.2-130.1,property
46.2-341.8,3,99.77154347457422,46.2-341.8,traffic
46.2-854,3,99.771906873077,46.2-854,traffic
3.2,3,99.7722702715798,3.2,
59.1-92.13,3,99.7726336700826,59.1-92.13,
46.2-391D2(II),3,99.7729970685854,46.2-391D2,traffic
54.1-3102,3,99.7733604670882,54.1-3102,drug
15-3-2,3,99.773723865591,15-3-2,
7.3.2,3,99.7740872640938,7.3.2,
23-26,3,99.7744506625966,23-26,
28-9,3,99.7748140610994,28-9,
18.2-370(D)(I),3,99.7751774596022,18.2-370,juvenile_family
18.2-1921A,3,99.775540858105,18.2-1921A,
46.2-2130,3,99.7759042566078,46.2-2130,traffic
A.46.2-704,3,99.7762676551106,46.2-704,traffic
10-70,3,99.7766310536134,10-70,
92-146.2-707,3,99.77699445211618,92-146.2-707,
18.2-250(A)(B),3,99.77735785061898,18.2-250,drug
18.2-128(B),3,99.77772124912178,18.2-128,property
5-501,3,99.77808464762458,5-501,
46.2-810.1,3,99.77844804612738,46.2-810.1,traffic
18.2-429.1,3,99.77881144463018,18.2-429.1,
CIVIL,3,99.77917484313298,CIVIL,
43-9,3,99.77953824163578,43-9,
46.2-1105,3,99.77990164013858,46.2-1105,traffic
"18.2-248(C,4)",3,99.78026503864136,18.2-248,drug
34-189,3,99.78062843714416,34-189,
46.2-391D2II,3,99.78099183564696,46.2-391D2II,traffic
10-256,3,99.78135523414976,10-256,
46.2-1047,3,99.78171863265256,46.2-1047,traffic
28-30,3,99.78208203115535,28-30,
6-58,3,99.78244542965815,6-58,
18.2-504.1,3,99.78280882816097,18.2-504.1,
46.2-391D2(I),3,99.78317222666377,46.2-391D2,traffic
21-1/18.2-103,3,99.78353562516656,21-1,
13.23,3,99.78389902366936,13.23,
19.2-123D,3,99.78426242217216,19.2-123D,procedural_other
2026-12-17 00:00:00,3,99.78462582067496,2026-12-17 00:00:00,
46.2-335(D),3,99.78498921917776,46.2-335,traffic
18.1-214,3,99.78535261768054,18.1-214,
46.2-818.2(D),3,99.78571601618334,46.2-818.2,traffic
21-1/46.2-820,3,99.78607941468614,21-1,
4VAC15-90-231,3,99.78644281318894,4VAC15-90-231,
46.2-814,3,99.78680621169174,46.2-814,traffic
3.2-1003,3,99.78716961019454,3.2-1003,
18.2-46.5,3,99.78753300869734,18.2-46.5,violent
6.1-77,3,99.78789640720014,6.1-77,
21-1/46.2-864,3,99.78825980570294,21-1,
21-1/46.2-1066,3,99.78862320420572,21-1,
18.2-25,3,99.78898660270852,18.2-25,
19.6-305,3,99.78935000121132,19.6-305,
18.2-30,3,99.78971339971412,18.2-30,violent
18.2-61(A)(III),3,99.79007679821692,18.2-61,sexual_offense
18.2-206,3,99.79044019671971,18.2-206,fraud_financial
49CFR396.3,3,99.79080359522251,49CFR396.3,
18.2-18,3,99.79116699372533,18.2-18,
49CFR396.17,3,99.79153039222813,49CFR396.17,
18.2-514C,3,99.79189379073092,18.2-514C,dui_traffic_criminal
49CFR395.8,3,99.79225718923372,49CFR395.8,
4.1-317,3,99.79262058773652,4.1-317,
21-1/46.2-802,3,99.7929839862393,21-1,
21-1/46.2-328,3,99.7933473847421,21-1,
2026-05-28 00:00:00,3,99.7937107832449,2026-05-28 00:00:00,
21-1/18.2-96,3,99.7940741817477,21-1,
10-62,3,99.7944375802505,10-62,
46.2-829,3,99.7948009787533,46.2-829,traffic
46-3,3,99.7951643772561,46-3,
A.46.2-803,3,99.7955277757589,46.2-803,traffic
18.2-58(B)(2),3,99.7958911742617,18.2-58,violent
18.2-23(B),3,99.7962545727645,18.2-23,property
18.2-50.3,3,99.7966179712673,18.2-50.3,violent
46.2-1250,3,99.7969813697701,46.2-1250,traffic
53.1-203(4),3,99.7973447682729,53.1-203,corrections_related
3,3,99.79770816677568,3,
18.2-26/18.2-47,3,99.79807156527848,18.2-26,
21-1/46.2-859,3,99.79843496378128,21-1,
18.2-370.01,3,99.79879836228407,18.2-370.01,juvenile_family
19.2-182.15,3,99.79916176078687,19.2-182.15,procedural_other
32.1-276,3,99.79952515928969,32.1-276,
18.2-308.012(A),3,99.79988855779249,18.2-308.012,weapons
46.2-1056,3,99.80025195629528,46.2-1056,traffic
18.2-22/58,2,99.8004942219638,18.2-22,
18.2-423.2,2,99.80073648763234,18.2-423.2,
29.1-530.2,2,99.80097875330088,29.1-530.2,
"2007-5, 9.1",2,99.8012210189694,"2007-5, 9.1",
2007-5 5.1,2,99.80146328463792,2007-5 5.1,
0180-9-2,2,99.80170555030648,0180-9-2,
18.2-46.1,2,99.801947815975,18.2-46.1,violent
21-1/46.2-869,2,99.80219008164352,21-1,
"18.2-456 (A,5)",2,99.80243234731206,18.2-456,obstruction_justice
46.2-391D(2)II,2,99.8026746129806,46.2-391D(2)II,traffic
37.2-918,2,99.80291687864911,37.2-918,
19.2-306(B),2,99.80315914431766,19.2-306,probation_violation
18.2-248C,2,99.8034014099862,18.2-248C,drug
18.2-370(D)(II),2,99.80364367565473,18.2-370,juvenile_family
46.2-851,2,99.80388594132326,46.2-851,traffic
18.2-22/53.1,2,99.8041282069918,18.2-22,
21-207,2,99.80437047266032,21-207,
2026-05-01 00:00:00,2,99.80461273832886,2026-05-01 00:00:00,
18.2-22/18.2-94,2,99.8048550039974,18.2-22,
18.2-323,2,99.80509726966592,18.2-323,
19.2-266,2,99.80533953533444,19.2-266,procedural_other
35.2-43.3,2,99.805581801003,35.2-43.3,
18.2-308.01,2,99.8058240666715,18.2-308.01,weapons
46.2-1038,2,99.80606633234004,46.2-1038,traffic
"18.2-370(A,4)",2,99.80630859800856,18.2-370,juvenile_family
29.1-808,2,99.8065508636771,29.1-808,
18.2-22/95,2,99.80679312934564,18.2-22,
92-146.2-1158,2,99.80703539501415,92-146.2-1158,
14.2-17,2,99.8072776606827,14.2-17,
28-12(18.2-388),2,99.80751992635123,28-12,
18.2-504,2,99.80776219201977,18.2-504,
18.2-143,2,99.8080044576883,18.2-143,property
24-253,2,99.80824672335685,24-253,
46.2-905,2,99.80848898902536,46.2-905,traffic
52.1-203,2,99.8087312546939,52.1-203,
18.11,2,99.80897352036244,18.11,
2026-05-11 00:00:00,2,99.80921578603096,2026-05-11 00:00:00,
19.2-358(A),2,99.8094580516995,19.2-358,procedural_other
18.2-460(D),2,99.80970031736804,18.2-460,obstruction_justice
18.2-26/18.2-63,2,99.80994258303656,18.2-26,
46.2-1015,2,99.81018484870508,46.2-1015,traffic
40-1.1,2,99.81042711437362,40-1.1,
6.1-60,2,99.81066938004216,6.1-60,
"18.2-456(A,5)",2,99.81091164571068,18.2-456,obstruction_justice
36.2-522,2,99.81115391137922,36.2-522,
18.2-60.3(A),2,99.81139617704775,18.2-60.3,violent
54.1-2902,2,99.81163844271629,54.1-2902,drug
54-35,2,99.81188070838482,54-35,
18.2-270,2,99.81212297405337,18.2-270,dui_traffic_criminal
5-168,2,99.81236523972188,5-168,
B.46.2-348,2,99.81260750539042,46.2-348,traffic
"18.2-193(1,C)",2,99.81284977105896,18.2-193,fraud_financial
G.18.2-266,2,99.81309203672748,18.2-266,dui_traffic_criminal
5-138,2,99.813334302396,5-138,
33-3,2,99.81357656806452,33-3,
6-166,2,99.81381883373308,6-166,
23-22.1(B),2,99.8140610994016,23-22.1,
21-1/46.2-829,2,99.81430336507012,21-1,
29-5,2,99.81454563073866,29-5,
46.2-855,2,99.8147878964072,46.2-855,traffic
26-116,2,99.81503016207571,26-116,
18.2-374.3.B,2,99.81527242774426,18.2-374.3.B,public_order
54.2-3466,2,99.8155146934128,54.2-3466,
21-1/46.2-1139,2,99.81575695908133,21-1,
62.1-194,2,99.81599922474986,62.1-194,
18-231,2,99.8162414904184,18-231,
50-33,2,99.81648375608692,50-33,
53.1-37,2,99.81672602175546,53.1-37,corrections_related
29.1-738.03,2,99.816968287424,29.1-738.03,
192.-303.3,2,99.81721055309252,192.-303.3,
2026-03-30 00:00:00,2,99.81745281876104,2026-03-30 00:00:00,
24-40,2,99.8176950844296,24-40,
21-1/46.2-329,2,99.81793735009812,21-1,
46.2-341.26:3,2,99.81817961576664,46.2-341.26:3,traffic
23-7(B),2,99.8184218814352,23-7,
54.1-3008,2,99.81866414710372,54.1-3008,drug
10.1-1418,2,99.81890641277224,10.1-1418,
19.2-182.7,2,99.81914867844078,19.2-182.7,procedural_other
18.2-268-3,2,99.81939094410932,18.2-268-3,dui_traffic_criminal
21-1/46.2-845,2,99.81963320977783,21-1,
8-127,2,99.81987547544638,8-127,
2021-04-7-5,2,99.82011774111491,2021-04-7-5,
C.46.2-871,2,99.82036000678345,46.2-871,traffic
46.2-1112,2,99.82060227245196,46.2-1112,traffic
46.2-1553,2,99.8208445381205,46.2-1553,traffic
3.2-5407,2,99.82108680378904,3.2-5407,
58.1-2273,2,99.82132906945756,58.1-2273,
46.2-391D(2)I,2,99.8215713351261,46.2-391D(2)I,traffic
2026-04-09 00:00:00,2,99.82181360079464,2026-04-09 00:00:00,
2026-04-16 00:00:00,2,99.82205586646316,2026-04-16 00:00:00,
18.2-407,2,99.82229813213168,18.2-407,
25-14,2,99.82254039780022,25-14,
28-12,2,99.82278266346876,28-12,
28.2-231,2,99.82302492913728,28.2-231,
18.2-266/18.2-2,2,99.82326719480582,18.2-266,dui_traffic_criminal
2026-04-30 00:00:00,2,99.82350946047436,2026-04-30 00:00:00,
12-25,2,99.82375172614287,12-25,
21-1/46.2-861.1,2,99.82399399181142,21-1,
"18.2-137(B,I)",2,99.82423625747997,18.2-137,property
46.2-819.4,2,99.82447852314849,46.2-819.4,traffic
14-185,2,99.82472078881702,14-185,
17-164,2,99.82496305448556,17-164,
18.2-200,2,99.82520532015408,18.2-200,fraud_financial
14-2,2,99.82544758582262,14-2,
46.2-1048,2,99.82568985149116,46.2-1048,traffic
52-8.4:2,2,99.82593211715968,52-8.4:2,
21-1/46.2-846,2,99.8261743828282,21-1,
5-24,2,99.82641664849676,5-24,
21.1/46.2-862,2,99.82665891416528,21.1,
6-13,2,99.8269011798338,6-13,
2.2-3115,2,99.82714344550234,2.2-3115,
B.18.2-472.1,2,99.82738571117088,18.2-472.1,obstruction_justice
G.46.2-871,2,99.8276279768394,46.2-871,traffic
18.2-414.2,2,99.82787024250791,18.2-414.2,
18.2-371(I),2,99.82811250817646,18.2-371,juvenile_family
18.2-308.3,2,99.828354773845,18.2-308.3,weapons
31-4,2,99.82859703951353,31-4,
62.1-44.34:20,2,99.82883930518206,62.1-44.34:20,
18.1-215,2,99.8290815708506,18.1-215,
13-1-37,2,99.82932383651912,13-1-37,
14-54,2,99.82956610218766,14-54,
2026-06-28 00:00:00,2,99.8298083678562,2026-06-28 00:00:00,
29.1-738.2,2,99.83005063352472,29.1-738.2,
O,2,99.83029289919324,O,
2026-05-29 00:00:00,2,99.8305351648618,2026-05-29 00:00:00,
18.2-135,2,99.83077743053032,18.2-135,property
2026-10-03 00:00:00,2,99.83101969619884,2026-10-03 00:00:00,
29.1-733.6,2,99.83126196186738,29.1-733.6,
29.1-735.2,2,99.83150422753592,29.1-735.2,
5-534,2,99.83174649320443,5-534,
31-10(33.2-802),2,99.83198875887298,31-10,
18.2-51/18.2-26,2,99.83223102454151,18.2-51,violent
19.2-275,2,99.83247329021005,19.2-275,procedural_other
20-69,2,99.83271555587858,20-69,
21-1/46.2-1112,2,99.83295782154713,21-1,
18.2-456 (A)(6),2,99.83320008721564,18.2-456,obstruction_justice
C.46.2-853,2,99.83344235288418,46.2-853,traffic
2021-4-7-4,2,99.83368461855272,2021-4-7-4,
29.1-521(A)(4),2,99.83392688422124,29.1-521,
25-49,2,99.83416914988976,25-49,
22-562,2,99.83441141555832,22-562,
24.2-1001,2,99.83465368122684,24.2-1001,
2026-04-22 00:00:00,2,99.83489594689536,2026-04-22 00:00:00,
4VAC20-270-40,2,99.83513821256388,4VAC20-270-40,
18.2-95/18.2-23,2,99.83538047823242,18.2-95,property
4-36,2,99.83562274390096,4-36,
13-103,2,99.83586500956947,13-103,
19.2-358 (E),2,99.83610727523802,19.2-358,procedural_other
18-30.1,2,99.83634954090655,18-30.1,
18.2-461(I),2,99.83659180657509,18.2-461,obstruction_justice
21-146.2-613,2,99.83683407224362,21-146.2-613,
46-156,2,99.83707633791217,46-156,
2026-03-02 00:00:00,2,99.83731860358068,2026-03-02 00:00:00,
2026-04-01 00:00:00,2,99.83756086924922,2026-04-01 00:00:00,
18.2-31(6),2,99.83780313491776,18.2-31,violent
3-22,2,99.83804540058628,3-22,
18.2-39,2,99.8382876662548,18.2-39,violent
18.2-31(8),2,99.83852993192336,18.2-31,violent
25-387,2,99.83877219759188,25-387,
18.2-26/58,2,99.8390144632604,18.2-26,
20-101(C),2,99.83925672892894,20-101,
"18.2-370(A,1)",2,99.83949899459748,18.2-370,juvenile_family
24-37,2,99.839741260266,24-37,
3-19,2,99.83998352593454,3-19,
6-94,2,99.84022579160307,6-94,
A.18.2-90,2,99.8404680572716,18.2-90,property
25-54,2,99.84071032294014,25-54,
10-45(A),2,99.84095258860869,10-45,
3.2-6540.03,2,99.8411948542772,3.2-6540.03,animal_cruelty
16.1-241.2,2,99.84143711994574,16.1-241.2,juvenile_family
18.2-355(2),2,99.84167938561428,18.2-355,juvenile_family
19.1-53,2,99.8419216512828,19.1-53,
3.2-6500,2,99.84216391695134,3.2-6500,animal_cruelty
18.2-368,2,99.84240618261984,18.2-368,juvenile_family
20-86,2,99.8426484482884,20-86,
46.2-1104,2,99.84289071395692,46.2-1104,traffic
46.2-1078.1A,2,99.84313297962544,46.2-1078.1A,traffic
32-91,2,99.84337524529398,32-91,
18.2-403.1,2,99.84361751096252,18.2-403.1,
54-33 18.2-388,2,99.84385977663104,54-33 18.2-388,
NONE,2,99.84410204229958,NONE,
10-3-0804,2,99.84434430796811,10-3-0804,
18.2-308(A)(I),2,99.84458657363663,18.2-308,weapons
10-3-1157,2,99.84482883930518,10-3-1157,
14.5-4,2,99.84507110497373,14.5-4,
5-51,2,99.84531337064224,5-51,
18.2-456(6)(A),2,99.84555563631078,18.2-456,obstruction_justice
5-71,2,99.84579790197932,5-71,
"18.2-67.3 (A,3)",2,99.84604016764784,18.2-67.3,sexual_offense
18-1,2,99.84628243331638,18-1,
33.2-501,2,99.84652469898492,33.2-501,
18.2-67.3(A4A),2,99.84676696465344,18.2-67.3,sexual_offense
18.2-460 (E),2,99.84700923032196,18.2-460,obstruction_justice
46.2-1012,2,99.8472514959905,46.2-1012,traffic
7-43,2,99.84749376165904,7-43,
46.2-1155,2,99.84773602732756,46.2-1155,traffic
4.1-1108,2,99.8479782929961,4.1-1108,
A.46.2-858,2,99.84822055866464,46.2-858,traffic
46.2-391D1,2,99.84846282433315,46.2-391D1,traffic
23-22.1(A),2,99.8487050900017,23-22.1,
74-63,2,99.84894735567023,74-63,
4-244,2,99.84918962133877,4-244,
C.46.2-1095,2,99.8494318870073,46.2-1095,traffic
34-188,2,99.84967415267585,34-188,
54-31(18.2-415),2,99.84991641834436,54-31,
42.7,2,99.85015868401288,42.7,
53.1-149,2,99.8504009496814,53.1-149,corrections_related
4VAC15-90-231A,2,99.85064321534996,4VAC15-90-231A,
16.1-253.2(A),2,99.85088548101848,16.1-253.2,juvenile_family
46.2-335(H),2,99.851127746687,46.2-335,traffic
7-48,2,99.85137001235556,7-48,
13-6,2,99.85161227802408,13-6,
10.1-1142,2,99.8518545436926,10.1-1142,
3.2-6540.04,2,99.85209680936114,3.2-6540.04,animal_cruelty
21-8,2,99.85233907502968,21-8,
18.2-42.1,2,99.8525813406982,18.2-42.1,violent
4.1-303,2,99.85282360636674,4.1-303,
40-7,2,99.85306587203527,40-7,
USBC 108.1,2,99.8533081377038,USBC 108.1,
18.2-308.1:6,2,99.85355040337234,18.2-308.1:6,weapons
USBC 114.1,2,99.85379266904089,USBC 114.1,
18.2-26/18.2-77,2,99.8540349347094,18.2-26,
18.2-429(A),2,99.85427720037794,18.2-429,
19.2-152.8,2,99.85451946604648,19.2-152.8,procedural_other
25-293.1,2,99.854761731715,25-293.1,
21-1/46.2-1242,2,99.85500399738352,21-1,
50-73,2,99.85524626305208,50-73,
19.2-360,2,99.8554885287206,19.2-360,procedural_other
70-14,2,99.85573079438912,70-14,
18.1-213,2,99.85597306005766,18.1-213,
10-3-0833,2,99.8562153257262,10-3-0833,
19.2-456,2,99.85645759139472,19.2-456,procedural_other
15.2-1218,2,99.85669985706326,15.2-1218,
13-1-33,2,99.8569421227318,13-1-33,
18.2-268.2,2,99.85718438840031,18.2-268.2,dui_traffic_criminal
78.2-6-146,2,99.85742665406885,78.2-6-146,
10-68,2,99.85766891973738,10-68,
18.2-57C,2,99.85791118540592,18.2-57C,violent
23-43.2,2,99.85815345107444,23-43.2,
29.1-523.1,2,99.85839571674298,29.1-523.1,
18.2-57 (C),2,99.85863798241152,18.2-57,violent
5-42,2,99.85888024808004,5-42,
18.2-32/22,2,99.85912251374856,18.2-32,violent
3.2-6503(A)(6),2,99.8593647794171,3.2-6503,animal_cruelty
20-115,2,99.85960704508564,20-115,
18.2-308.2 AIII,2,99.85984931075416,18.2-308.2 AIII,weapons
B.46.2-819.1,2,99.8600915764227,46.2-819.1,traffic
16.1-264,2,99.86033384209124,16.1-264,juvenile_family
18.2-308.1(B),2,99.86057610775975,18.2-308.1,weapons
3.2-6508,2,99.8608183734283,3.2-6508,animal_cruelty
58.1-1017.4,2,99.86106063909683,58.1-1017.4,
46.2-1057,2,99.86130290476537,46.2-1057,traffic
4VAC20-752-30,2,99.8615451704339,4VAC20-752-30,
4VAC15-390-140,2,99.86178743610245,4VAC15-390-140,
46.2-391D3,2,99.86202970177096,46.2-391D3,traffic
18.2-58/18.2-22,2,99.8622719674395,18.2-58,violent
18.2-52.2,2,99.86251423310804,18.2-52.2,violent
654.09,2,99.86275649877656,654.09,
58.1-452,2,99.8629987644451,58.1-452,
4-66,2,99.86324103011364,4-66,
18.2-365,2,99.86348329578216,18.2-365,juvenile_family
21-1/18.2-308,2,99.86372556145068,21-1,
46.2-817 (B),2,99.86396782711924,46.2-817,traffic
18.2-58(1),2,99.86421009278776,18.2-58,violent
25-226,2,99.86445235845628,25-226,
21.1/46.2-613(1,2,99.8646946241248,21.1,
18.2-346.01(II),2,99.86493688979334,18.2-346.01,
46.2-2099.1,2,99.86517915546187,46.2-2099.1,traffic
21-1/46.2-1049,2,99.8654214211304,21-1,
18.2-36.1(B),2,99.86566368679894,18.2-36.1,violent
18.2-357.1(A),2,99.86590595246749,18.2-357.1,juvenile_family
A.46.2-855,2,99.866148218136,46.2-855,traffic
14-27,2,99.86639048380454,14-27,
54.1-3469,2,99.86663274947308,54.1-3469,drug
25-178,2,99.8668750151416,25-178,
10-306.1,2,99.86711728081012,10-306.1,
8-310,2,99.86735954647868,8-310,
10.1-1455,2,99.8676018121472,10.1-1455,
46.2-1200.1,2,99.86784407781572,46.2-1200.1,traffic
18.2-287.4(II),2,99.86808634348426,18.2-287.4,weapons
54.1-3446,2,99.8683286091528,54.1-3446,drug
18.2-119.1,2,99.86857087482132,18.2-119.1,property
18.2-308.5,2,99.86881314048986,18.2-308.5,weapons
24-187,2,99.8690554061584,24-187,
18.2-477.1,2,99.86929767182691,18.2-477.1,obstruction_justice
30-5,2,99.86953993749546,30-5,
2020-05-2-1,2,99.869782203164,2020-05-2-1,
14-155,2,99.87002446883253,14-155,
9.1-147,2,99.87026673450106,9.1-147,
21-1/46.2-1157,2,99.8705090001696,21-1,
2.2-3103,2,99.87075126583812,2.2-3103,
32.1-164,2,99.87099353150666,32.1-164,
46.2-1508,2,99.8712357971752,46.2-1508,traffic
7-36,2,99.87147806284372,7-36,
18.2-48(I),2,99.87172032851224,18.2-48,violent
22.1-258,2,99.87196259418076,22.1-258,
27-27,2,99.8722048598493,27-27,
32-118,2,99.87244712551784,32-118,
3.2-6588,2,99.87268939118636,3.2-6588,animal_cruelty
19.2-124,2,99.8729316568549,19.2-124,procedural_other
8.7,2,99.87317392252343,8.7,
3.2-6539,2,99.87341618819195,3.2-6539,animal_cruelty
60.2-627,2,99.8736584538605,60.2-627,
49CFR391.41A,2,99.87390071952905,49CFR391.41A,
21-1/46.2-910,2,99.87414298519757,21-1,
4VAC5-30-130,2,99.8743852508661,4VAC5-30-130,
19.1-6,2,99.87462751653464,19.1-6,
16.1-13,2,99.87486978220316,16.1-13,juvenile_family
19-12,2,99.8751120478717,19-12,
38-3/1-9,2,99.87535431354024,38-3,
24-39,1,99.8754754463745,24-39,
18.2.61,1,99.87559657920876,18.2.61,
.46.2-862,1,99.87571771204304,.46.2-862,
28.2-241,1,99.8758388448773,28.2-241,
21-1/18.2-387,1,99.87595997771156,21-1,
46.2-613.1,1,99.87608111054584,46.2-613.1,traffic
18.2-308.2(A0,1,99.87620224338008,18.2-308.2(A0,weapons
2026-05-19 00:00:00,1,99.87632337621436,2026-05-19 00:00:00,
4VAC20-1090-30,1,99.87644450904862,4VAC20-1090-30,
21-1/46.2-894,1,99.87656564188288,21-1,
/46.2-300,1,99.87668677471716,46.2-300,traffic
6.1.51,1,99.87680790755142,6.1.51,
46.2-391.01,1,99.87692904038568,46.2-391.01,traffic
21-1/18.2-250.1,1,99.87705017321996,21-1,
28.2-712,1,99.87717130605422,28.2-712,
16.2-253.2(C),1,99.87729243888847,16.2-253.2,
19.2-20,1,99.87741357172276,19.2-20,procedural_other
6.2-51,1,99.87753470455702,6.2-51,
36-106(A),1,99.87765583739127,36-106,
21-1/46.2-924,1,99.87777697022555,21-1,
18.2-456(E),1,99.87789810305982,18.2-456,obstruction_justice
21-1/46.2-704,1,99.87801923589409,21-1,
21-1/46.2-1105,1,99.87814036872837,21-1,
21-146.2-613(1),1,99.87826150156262,21-146.2-613,
5-79 (3.2-6503),1,99.87838263439689,5-79,
5-77 (3.2-6570),1,99.87850376723117,5-77,
18.2-203(4),1,99.87862490006542,18.2-203,fraud_financial
Z.18.2-67.2,1,99.87874603289968,18.2-67.2,sexual_offense
21-1/46.2-868,1,99.87886716573396,21-1,
18.2-248(E1),1,99.87898829856822,18.2-248,drug
18-23,1,99.87910943140248,18-23,
18.2-8,1,99.87923056423674,18.2-8,
21-1/18.2-119,1,99.879351697071,21-1,
019.2-306,1,99.87947282990528,019.2-306,
23-22/46.2-875,1,99.87959396273952,23-22,
23-41(18.2-146),1,99.8797150955738,23-41,
27-6,1,99.87983622840808,27-6,
54-202,1,99.87995736124232,54-202,
18.2-26/18.2-59,1,99.8800784940766,18.2-26,
21-600,1,99.88019962691088,21-600,
25-165,1,99.88032075974512,25-165,
21-2/46.2-862,1,99.8804418925794,21-2,
4VAC-20-280-30,1,99.88056302541366,4VAC-20-280-30,
A.46.2-1078.1,1,99.88068415824792,46.2-1078.1,traffic
18.2-53`,1,99.8808052910822,18.2-53`,violent
18.2-26/18.2-90,1,99.88092642391646,18.2-26,
46.2-341.20:7,1,99.88104755675072,46.2-341.20:7,traffic
"18.2-456(A,3)",1,99.881168689585,18.2-456,obstruction_justice
21-1/46.2-1110,1,99.88128982241926,21-1,
\46.2-862,1,99.88141095525351,\46.2-862,
46.2-862 (I),1,99.8815320880878,46.2-862,traffic
418.2-456(6),1,99.88165322092206,418.2-456,
21-/46.2-875,1,99.88177435375631,21-,
46.2-203,1,99.8818954865906,46.2-203,traffic
21-1/46.2-1072,1,99.88201661942486,21-1,
18.2-248(J),1,99.88213775225913,18.2-248,drug
21-1/46.2-921,1,99.8822588850934,21-1,
"18.2-250(A,2)",1,99.88238001792766,18.2-250,drug
B.46.2-1156,1,99.88250115076193,46.2-1156,traffic
21-1/46.2-848,1,99.8826222835962,21-1,
46.2-1086,1,99.88274341643046,46.2-1086,traffic
15.2-915.2,1,99.88286454926472,15.2-915.2,
25-85,1,99.882985682099,25-85,
22-11(18.2-387),1,99.88310681493326,22-11,
21-1/46.2-307,1,99.88322794776752,21-1,
18.2-388  54-33,1,99.8833490806018,18.2-388  54-33,public_order
23-50.1,1,99.88347021343606,23-50.1,
29.73.1,1,99.88359134627032,29.73.1,
24.1-335,1,99.8837124791046,24.1-335,
11.1A-26,1,99.88383361193884,11.1A-26,
46.2-853 (26.8),1,99.88395474477312,46.2-853,traffic
18.2-374.2,1,99.8840758776074,18.2-374.2,public_order
18.2-164(A),1,99.88419701044164,18.2-164,property
"18.2-67.3(A,2)",1,99.88431814327592,18.2-67.3,sexual_offense
46.2-1058,1,99.8844392761102,46.2-1058,traffic
9-102,1,99.88456040894444,9-102,
46.2-360(1),1,99.88468154177872,46.2-360,traffic
"18.2-60(A,1)",1,99.88480267461298,18.2-60,violent
46.2-817 (A),1,99.88492380744724,46.2-817,traffic
46.2-888(C ),1,99.88504494028152,46.2-888,traffic
28.2-516,1,99.88516607311578,28.2-516,
19/2-472.1(B),1,99.88528720595004,19,
18.2-31(4),1,99.88540833878432,18.2-31,violent
3.2-6510(A),1,99.88552947161858,3.2-6510,animal_cruelty
19.2-305.1(F)(2,1,99.88565060445283,19.2-305.1(F)(2,procedural_other
6-2.1,1,99.88577173728712,6-2.1,
(26.8)46.2-1030,1,99.88589287012138,(26.8)46.2-1030,
13-186,1,99.88601400295563,13-186,
27-7,1,99.88613513578991,27-7,
18.2-51.4(A),1,99.88625626862418,18.2-51.4,violent
18.2-371.1 (A),1,99.88637740145845,18.2-371.1,child_abuse
26-3.1,1,99.8864985342927,26-3.1,
41-80,1,99.88661966712696,41-80,
54-31(A),1,99.88674079996125,54-31,
418.2-104,1,99.8868619327955,418.2-104,
18.2-356(II),1,99.88698306562976,18.2-356,juvenile_family
74-55,1,99.88710419846404,74-55,
18.2-355(I),1,99.8872253312983,18.2-355,juvenile_family
"18.2-137(B,1)",1,99.88734646413256,18.2-137,property
26-8 (46.2-357),1,99.88746759696684,26-8,
46.2-391D(2),1,99.8875887298011,46.2-391D,traffic
18.2-67.3.A.1,1,99.88770986263536,18.2-67.3.A.1,sexual_offense
18.2-61A (III),1,99.88783099546964,18.2-61A,sexual_offense
50-35,1,99.8879521283039,50-35,
18.1-309,1,99.88807326113816,18.1-309,
2002-10-04 00:00:00,1,99.88819439397244,2002-10-04 00:00:00,
2023-10-04 00:00:00,1,99.8883155268067,2023-10-04 00:00:00,
13-1-29,1,99.88843665964096,13-1-29,
"16.1-292 (A,I)",1,99.88855779247524,16.1-292,juvenile_family
53.1.-131.1,1,99.88867892530948,53.1.-131.1,corrections_related
18.2-308A (GG),1,99.88880005814376,18.2-308A,weapons
19.2-354,1,99.88892119097802,19.2-354,procedural_other
14.2-646,1,99.88904232381228,14.2-646,
18.250.1,1,99.88916345664656,18.250.1,
24-184,1,99.88928458948082,24-184,
C.46.2-341.24,1,99.88940572231508,46.2-341.24,traffic
4-11,1,99.88952685514936,4-11,
16.1-278.14,1,99.88964798798362,16.1-278.14,juvenile_family
26-23,1,99.88976912081787,26-23,
46.2-1542,1,99.88989025365215,46.2-1542,traffic
18.2-53-1,1,99.89001138648642,18.2-53-1,violent
46.2-391D2AII,1,99.89013251932067,46.2-391D2AII,traffic
46.2-391D(1),1,99.89025365215495,46.2-391D,traffic
18.2-285,1,99.89037478498922,18.2-285,weapons
46.2-1005,1,99.89049591782349,46.2-1005,traffic
18.2-263.3,1,99.89061705065777,18.2-263.3,drug
5-8,1,99.89073818349202,5-8,
53.1-203(%),1,99.89085931632629,53.1-203,corrections_related
26-51,1,99.89098044916057,26-51,
5-39,1,99.89110158199482,5-39,
D46.2-894,1,99.89122271482908,D46.2-894,
99VCC999.120,1,99.89134384766336,99VCC999.120,
"18.2-370(D,I)",1,99.89146498049762,18.2-370,juvenile_family
28-30 (18.2-119,1,99.89158611333188,28-30 (18.2-119,
19-334,1,99.89170724616616,19-334,
18.2-22/18.2-81,1,99.89182837900042,18.2-22,
58.1-4138,1,99.89194951183468,58.1-4138,
18.2-514(A),1,99.89207064466896,18.2-514,
18.2-379,1,99.8921917775032,18.2-379,public_order
19.2-58,1,99.89231291033748,19.2-58,procedural_other
18.2-160.1(A),1,99.89243404317176,18.2-160.1,property
19.2-152 4:1,1,99.892555176006,19.2-152 4:1,procedural_other
18.2-209,1,99.89267630884028,18.2-209,fraud_financial
A.18.2-96,1,99.89279744167456,18.2-96,property
3.2-6540 SEC P,1,99.8929185745088,3.2-6540 SEC P,animal_cruelty
18.2-248.7,1,99.89303970734308,18.2-248.7,drug
3.2-6540 SEC/ P,1,99.89316084017734,3.2-6540 SEC,animal_cruelty
53.1-161,1,99.8932819730116,53.1-161,corrections_related
C.46.2-864,1,99.89340310584588,46.2-864,traffic
0A.46.2-862,1,99.89352423868014,0A.46.2-862,
46.2-391D(2) II,1,99.8936453715144,46.2-391D(2) II,traffic
195-7,1,99.89376650434866,195-7,
46.2-929,1,99.89388763718291,46.2-929,traffic
98.633,1,99.8940087700172,98.633,
46.2-370,1,99.89412990285146,46.2-370,traffic
16.1-279,1,99.89425103568573,16.1-279,juvenile_family
46.2-1119,1,99.89437216852,46.2-1119,traffic
18.2-3741:1,1,99.89449330135426,18.2-3741:1,
46.2-612(B),1,99.89461443418853,46.2-612,traffic
"18.2-374.1(B,1)",1,99.8947355670228,18.2-374.1,public_order
46.2-873(P),1,99.89485669985706,46.2-873,traffic
18.2-461(III),1,99.89497783269132,18.2-461,obstruction_justice
33-6,1,99.8950989655256,33-6,
46.2-1529,1,99.89522009835986,46.2-1529,traffic
A.46.2-348,1,99.89534123119412,46.2-348,traffic
28.12,1,99.8954623640284,28.12,
46.2-818.1,1,99.89558349686266,46.2-818.1,traffic
18.2-250 (A),1,99.89570462969692,18.2-250,drug
171-43,1,99.8958257625312,171-43,
18.2-195 (2),1,99.89594689536546,18.2-195,fraud_financial
29-18,1,99.89606802819972,29-18,
6-33,1,99.896189161034,6-33,
46.2-914,1,99.89631029386824,46.2-914,traffic
29-16.1,1,99.89643142670252,29-16.1,
27-73 (D),1,99.8965525595368,27-73,
B. 46.2-863,1,99.89667369237104,46.2-863,traffic
29-46A,1,99.89679482520532,29-46A,
19-3,1,99.8969159580396,19-3,
780123N,1,99.89703709087384,780123N,
46-184,1,99.89715822370812,46-184,
25-257,1,99.89727935654238,25-257,
18.2-53.1;  32,1,99.89740048937664,18.2-53.1;  32,violent
45-503,1,99.89752162221092,45-503,
18.2-31(2),1,99.89764275504518,18.2-31,violent
10-43(A),1,99.89776388787944,10-43,
18.2-250.3,1,99.89788502071372,18.2-250.3,drug
28.2-523,1,99.89800615354798,28.2-523,
6-58 (3.2-6570),1,99.89812728638223,6-58,
28-30(18.2-119),1,99.89824841921651,28-30,
16.1-3.1,1,99.89836955205078,16.1-3.1,juvenile_family
13-31,1,99.89849068488503,13-31,
;21-1/46.2-875,1,99.89861181771931,;21-1,
10-45(A-4),1,99.89873295055358,10-45,
2026-10-02 00:00:00,1,99.89885408338785,2026-10-02 00:00:00,
311.2.2,1,99.89897521622213,311.2.2,
311.3,1,99.89909634905638,311.3,
S-79,1,99.89921748189064,S-79,
418.2-456,1,99.89933861472493,418.2-456,
40-16.1,1,99.89945974755918,40-16.1,
24-32,1,99.89958088039344,24-32,
46.2-916.1,1,99.89970201322772,46.2-916.1,traffic
B. 2-1110,1,99.89982314606198,2-1110,
18.20-323.1,1,99.89994427889624,18.20-323.1,
53.1-210,1,99.90006541173052,53.1-210,corrections_related
2024-04-7-4,1,99.90018654456478,2024-04-7-4,
2021-04-8-5,1,99.90030767739904,2021-04-8-5,
18.2-308.1:4(A),1,99.90042881023332,18.2-308.1:4,weapons
31424,1,99.90054994306756,31424,
6-2B,1,99.90067107590184,6-2B,
18.2-308.2:5(D),1,99.9007922087361,18.2-308.2:5,weapons
C18.2-266,1,99.90091334157036,C18.2-266,
113.3,1,99.90103447440464,113.3,
4.1-314,1,99.90115560723888,4.1-314,
C18.2-456,1,99.90127674007316,C18.2-456,
53.1-131,1,99.90139787290742,53.1-131,corrections_related
75-28B,1,99.90151900574168,75-28B,
32.1-162.15,1,99.90164013857596,32.1-162.15,
32.1-162.15:1,1,99.90176127141022,32.1-162.15:1,
46.2-836,1,99.90188240424447,46.2-836,traffic
18.2-57.01,1,99.90200353707876,18.2-57.01,violent
26-41,1,99.90212466991302,26-41,
311.2.1,1,99.90224580274727,311.2.1,
46.2-724,1,99.90236693558155,46.2-724,traffic
18.2-160,1,99.90248806841582,18.2-160,property
46. 2-816,1,99.90260920125009,46. 2-816,
4.1-1100(B),1,99.90273033408435,4.1-1100,
2026-02-07 00:00:00,1,99.90285146691862,2026-02-07 00:00:00,
46.2-1209,1,99.90297259975289,46.2-1209,traffic
78-5,1,99.90309373258717,78-5,
49CFR393.1,1,99.90321486542142,49CFR393.1,
58.1-1816,1,99.90333599825568,58.1-1816,
15-101,1,99.90345713108997,15-101,
61823,1,99.90357826392422,61823,
46.2-1039,1,99.90369939675848,46.2-1039,traffic
30-9,1,99.90382052959276,30-9,
46.2-391D(3),1,99.90394166242702,46.2-391D,traffic
18.2-248(A),1,99.90406279526128,18.2-248,drug
46.2-301.1E,1,99.90418392809556,46.2-301.1E,traffic
18.2-375,1,99.9043050609298,18.2-375,public_order
15-4,1,99.90442619376408,15-4,
4-61,1,99.90454732659836,4-61,
4-40,1,99.9046684594326,4-40,
18.2-260,1,99.90478959226688,18.2-260,drug
2002-05-7-2,1,99.90491072510116,2002-05-7-2,
6-63,1,99.9050318579354,6-63,
142.101,1,99.90515299076968,142.101,
18.2-340.37,1,99.90527412360396,18.2-340.37,
15.2-1113,1,99.9053952564382,15.2-1113,
4-39,1,99.90551638927248,4-39,
18.2-156,1,99.90563752210674,18.2-156,property
18.2-,1,99.905758654941,18.2-,
18.2-45,1,99.90587978777528,18.2-45,violent
14-102 B.3.A,1,99.90600092060954,14-102 B.3.A,
18.2-817,1,99.9061220534438,18.2-817,
18.2-308.4 (C),1,99.90624318627808,18.2-308.4,weapons
18.2-248.03(A),1,99.90636431911234,18.2-248.03,drug
17-13,1,99.9064854519466,17-13,
5-125.1,1,99.90660658478087,5-125.1,
21-1/49CFR391,1,99.90672771761514,21-1,
5-12.1,1,99.9068488504494,5-12.1,
46.2-341.7(B),1,99.90696998328367,46.2-341.7,traffic
14.2-65(E),1,99.90709111611794,14.2-65,
18.2-147.2,1,99.9072122489522,18.2-147.2,property
19.2-.05,1,99.90733338178649,19.2-.05,procedural_other
19.2-36,1,99.90745451462074,19.2-36,procedural_other
A.49CFR391.43,1,99.907575647455,49CFR391.43,
18..2-456(5),1,99.90769678028929,18..2-456,
21-/46.2-341.21,1,99.90781791312354,21-,
7-148/46.2-888,1,99.9079390459578,7-148,
21-1/46.2-1081,1,99.90806017879208,21-1,
3.2-6503 A6,1,99.90818131162634,3.2-6503 A6,animal_cruelty
4VAC15-240-81,1,99.9083024444606,4VAC15-240-81,
58.1-2268,1,99.90842357729484,58.1-2268,
21-1/46.2-349,1,99.90854471012912,21-1,
7-148/46.2-862,1,99.9086658429634,7-148,
7.148,1,99.90878697579764,7.148,
18.2-195(4),1,99.90890810863192,18.2-195,fraud_financial
B46.2-301,1,99.9090292414662,B46.2-301,
29-10 (1),1,99.90915037430044,29-10,
8.2-26,1,99.90927150713472,8.2-26,
18.2-370(A)(4),1,99.90939263996898,18.2-370,juvenile_family
1B.46.2-301,1,99.90951377280324,1B.46.2-301,
A.18.2-117,1,99.90963490563752,18.2-117,property
30-100-15,1,99.90975603847178,30-100-15,
40.1-103(A),1,99.90987717130604,40.1-103,child_abuse
28-11,1,99.90999830414032,28-11,
46.2-893,1,99.91011943697458,46.2-893,traffic
2026-08-11 00:00:00,1,99.91024056980883,2026-08-11 00:00:00,
13-32,1,99.91036170264312,13-32,
18.2-10,1,99.91048283547738,18.2-10,
13.186,1,99.91060396831163,13.186,
14.4,1,99.91072510114591,14.4,
2026-05-20 00:00:00,1,99.91084623398018,2026-05-20 00:00:00,
"18.2-77(A,I)",1,99.91096736681445,18.2-77,property
12-117,1,99.91108849964871,12-117,
26-121,1,99.91120963248298,26-121,
18.22,1,99.91133076531725,18.22,
26-2,1,99.91145189815153,26-2,
21-57,1,99.91157303098578,21-57,
656.04,1,99.91169416382004,656.04,
"18.2-61(A, III)",1,99.91181529665432,18.2-61,sexual_offense
6-5(A),1,99.91193642948858,6-5,
21-1,1,99.91205756232284,21-1,
(E)18.2-460,1,99.91217869515712,(E)18.2-460,
54.1-111(A)(1),1,99.91229982799138,54.1-111,drug
23-41,1,99.91242096082564,23-41,
11.1  8-128,1,99.91254209365992,11.1  8-128,
4.1-1100(C),1,99.91266322649416,4.1-1100,
999999999,1,99.91278435932844,999999999,
NOT GIVEN,1,99.91290549216272,NOT GIVEN,
10/2-306,1,99.91302662499696,10,
18.2-23/18.2-65,1,99.91314775783124,18.2-23,property
9.2-902,1,99.9132688906655,9.2-902,
A.18.2-308.2,1,99.91339002349976,18.2-308.2,weapons
14-50,1,99.91351115633404,14-50,
16.2-61,1,99.9136322891683,16.2-61,
21-1/46.2-1092,1,99.91375342200256,21-1,
14.5(6),1,99.91387455483684,14.5,
4VAC-15-430-160,1,99.9139956876711,4VAC-15-430-160,
2026-03-03 00:00:00,1,99.91411682050536,2026-03-03 00:00:00,
49CFR392.4,1,99.91423795333964,49CFR392.4,
4VAC15-40-60,1,99.9143590861739,4VAC15-40-60,
B.46.2-1052,1,99.91448021900815,46.2-1052,traffic
18.2-371.1:1(A),1,99.91460135184244,18.2-371.1:1,child_abuse
13-401C.3,1,99.9147224846767,13-401C.3,
13-254/46.2-301,1,99.91484361751095,13-254,
18.2-67.5(C),1,99.91496475034523,18.2-67.5,sexual_offense
3.2-6503 (A3),1,99.9150858831795,3.2-6503,animal_cruelty
86-11,1,99.91520701601377,86-11,
18.2-111/104,1,99.91532814884803,18.2-111,property
46.2-857,1,99.9154492816823,46.2-857,traffic
63.2-1218,1,99.91557041451657,63.2-1218,
19.2.303.3,1,99.91569154735082,19.2.303.3,procedural_other
18.2-355(4),1,99.91581268018508,18.2-355,juvenile_family
18.2-67.3(1),1,99.91593381301936,18.2-67.3,sexual_offense
18.2-382,1,99.91605494585362,18.2-382,public_order
4VAC15-40-281,1,99.91617607868788,4VAC15-40-281,
29.1-408,1,99.91629721152216,29.1-408,
9-22.5,1,99.91641834435642,9-22.5,
46-5,1,99.91653947719068,46-5,
19.2-303:3,1,99.91666061002496,19.2-303:3,procedural_other
19.2-306.1,1,99.9167817428592,19.2-306.1,probation_violation
4-304,1,99.91690287569348,4-304,
Z.18.2-89,1,99.91702400852776,18.2-89,property
54.111(A1),1,99.917145141362,54.111,drug
4VAC20-700-20,1,99.91726627419628,4VAC20-700-20,
4VAC-15-430-30,1,99.91738740703056,4VAC-15-430-30,
18.2-71,1,99.9175085398648,18.2-71,
49CFR390.21,1,99.91762967269908,49CFR390.21,
49CFR393.209,1,99.91775080553334,49CFR393.209,
18.2-67.4(I),1,99.9178719383676,18.2-67.4,sexual_offense
21-1/46.2-1078,1,99.91799307120188,21-1,
19-38B,1,99.91811420403614,19-38B,
21.1/46.2-816,1,99.9182353368704,21.1,
3300,1,99.91835646970468,3300,
3.1-796.122,1,99.91847760253894,3.1-796.122,
1A.8.2-266,1,99.9185987353732,1A.8.2-266,
46.2.833,1,99.91871986820748,46.2.833,traffic
ZONING SEC. 3-2,1,99.91884100104174,ZONING SEC. 3-2,
54-156,1,99.918962133876,54-156,
4VAC20-720-80,1,99.91908326671027,4VAC20-720-80,
3.2-6574,1,99.91920439954454,3.2-6574,animal_cruelty
B.46.2-391,1,99.9193255323788,46.2-391,traffic
11-32,1,99.91944666521309,11-32,
2017-03-01 00:00:00,1,99.91956779804734,2017-03-01 00:00:00,
23-51(D),1,99.9196889308816,23-51,
13-26(18.2-119),1,99.91981006371589,13-26,
46.2-182,1,99.91993119655014,46.2-182,traffic
3.2-6524(A),1,99.9200523293844,3.2-6524,animal_cruelty
3.2-6521(A),1,99.92017346221868,3.2-6521,animal_cruelty
19.2-297.1,1,99.92029459505294,19.2-297.1,procedural_other
2026-10-17 00:00:00,1,99.9204157278872,2026-10-17 00:00:00,
74.4-46.2,1,99.92053686072148,74.4-46.2,
66-25,1,99.92065799355574,66-25,
74-250,1,99.92077912639,74-250,
46-2-1158,1,99.92090025922428,46-2-1158,
49CFR393.9A,1,99.92102139205852,49CFR393.9A,
2026-04-08 00:00:00,1,99.9211425248928,2026-04-08 00:00:00,
18.2-456.5,1,99.92126365772708,18.2-456.5,obstruction_justice
18.2-186.3(A)(2,1,99.92138479056132,18.2-186.3(A)(2,fraud_financial
18.2-347.1:1,1,99.9215059233956,18.2-347.1:1,
18.-456,1,99.92162705622988,18.-456,
46.2-1121,1,99.92174818906412,46.2-1121,traffic
165-502.04,1,99.9218693218984,165-502.04,
5.5-17,1,99.92199045473266,5.5-17,
18.2-374.3(C0,1,99.92211158756692,18.2-374.3(C0,public_order
15-1 APPENDIX B,1,99.9222327204012,15-1 APPENDIX B,
18.2-889,1,99.92235385323546,18.2-889,
192-152.4:1,1,99.92247498606972,192-152.4:1,
38-36,1,99.922596118904,38-36,
58-163,1,99.92271725173826,58-163,
16-6-41,1,99.92283838457251,16-6-41,
28.2-708,1,99.9229595174068,28.2-708,
9.2-62,1,99.92308065024103,9.2-62,
19.2-163,1,99.92320178307531,19.2-163,procedural_other
40.1-7.3 (B) 1,1,99.92332291590958,40.1-7.3 (B) 1,
22-295,1,99.92344404874385,22-295,
66-56(C)(3),1,99.92356518157813,66-56,
4-31(A),1,99.92368631441238,4-31,
79-2,1,99.92380744724665,79-2,
21-2,1,99.92392858008093,21-2,
A.46.2-871,1,99.92404971291518,46.2-871,traffic
70.03,1,99.92417084574944,70.03,
10.1-1007,1,99.92429197858372,10.1-1007,
4.1-316,1,99.92441311141798,4.1-316,
18.2-429(B),1,99.92453424425224,18.2-429,
18.2-456.A.5,1,99.92465537708652,18.2-456.A.5,obstruction_justice
4-56,1,99.92477650992078,4-56,
38-31,1,99.92489764275504,38-31,
18.2-47A,1,99.92501877558932,18.2-47A,violent
4VAC-20-140-25,1,99.92513990842356,4VAC-20-140-25,
29.1-554.1,1,99.92526104125784,29.1-554.1,
28.2-705,1,99.9253821740921,28.2-705,
28.2-702,1,99.92550330692636,28.2-702,
78.2-6-14,1,99.92562443976064,78.2-6-14,
78-158,1,99.9257455725949,78-158,
18.2-272(A)(III,1,99.92586670542916,18.2-272(A)(III,dui_traffic_criminal
16.2-253.3,1,99.92598783826344,16.2-253.3,
6.1-8,1,99.9261089710977,6.1-8,
18.2-22/32,1,99.92623010393196,18.2-22,
18.2-326,1,99.92635123676624,18.2-326,
22-8,1,99.9264723696005,22-8,
29.1-521.1,1,99.92659350243476,29.1-521.1,
18.2-232.1,1,99.92671463526904,18.2-232.1,
10-319,1,99.9268357681033,10-319,
29.1-521(6),1,99.92695690093755,29.1-521,
29-36,1,99.92707803377183,29-36,
18.2-108.01(B),1,99.9271991666061,18.2-108.01,property
18.2-108(B),1,99.92732029944035,18.2-108,property
78-344(B),1,99.92744143227463,78-344,
29-41,1,99.9275625651089,29-41,
PCC 2-26,1,99.92768369794317,PCC 2-26,
6.1-50,1,99.92780483077745,6.1-50,
22-146,1,99.9279259636117,22-146,
16-1.1,1,99.92804709644597,16-1.1,
25-156,1,99.92816822928025,25-156,
21-85,1,99.9282893621145,21-85,
13-344,1,99.92841049494876,13-344,
23.8,1,99.92853162778304,23.8,
46.2-391D(I),1,99.9286527606173,46.2-391D,traffic
46-208,1,99.92877389345156,46-208,
18.2-193 (1)(C),1,99.92889502628584,18.2-193,fraud_financial
6-88 (3.2-6521),1,99.9290161591201,6-88,
18.2-101,1,99.92913729195436,18.2-101,property
18.2-45(5),1,99.92925842478864,18.2-45,violent
10-3-0859,1,99.9293795576229,10-3-0859,
18.2-204,1,99.92950069045716,18.2-204,fraud_financial
10-3-0862,1,99.92962182329144,10-3-0862,
3.1-796.68,1,99.9297429561257,3.1-796.68,
10-3-0300,1,99.92986408895996,10-3-0300,
3-2-0326,1,99.92998522179424,3-2-0326,
10-3-0613,1,99.93010635462848,10-3-0613,
15.2-2286(A)(5),1,99.93022748746276,15.2-2286,
3.2-6542.1,1,99.93034862029702,3.2-6542.1,animal_cruelty
18.2-465.1,1,99.93046975313128,18.2-465.1,obstruction_justice
4VAC15-430-190,1,99.93059088596554,4VAC15-430-190,
18.2-460 (B),1,99.9307120187998,18.2-460,obstruction_justice
62-29,1,99.93083315163408,62-29,
A. 46.2-852,1,99.93095428446834,46.2-852,traffic
10-45 (A6),1,99.9310754173026,10-45,
18.2-186.3(B)1,1,99.93119655013687,18.2-186.3(B)1,fraud_financial
10-45(A4),1,99.93131768297114,10-45,
SECTION 22-4,1,99.9314388158054,SECTION 22-4,
5-36,1,99.93155994863967,5-36,
21-29 (B),1,99.93168108147394,21-29,
58.1-4126,1,99.9318022143082,58.1-4126,
15.2-1209,1,99.93192334714249,15.2-1209,
46.-157,1,99.93204447997674,46.-157,
18.2-456(1)(6),1,99.932165612811,18.2-456,obstruction_justice
4VAC15-420-100,1,99.93228674564529,4VAC15-420-100,
18.2-456 (A)(1),1,99.93240787847954,18.2-456,obstruction_justice
46-17,1,99.9325290113138,46-17,
18.2-456 (5),1,99.93265014414808,18.2-456,obstruction_justice
10-45(A)(6),1,99.93277127698234,10-45,
26-129,1,99.9328924098166,26-129,
19.2-358(B),1,99.93301354265088,19.2-358,procedural_other
18.2-61(B<2),1,99.93313467548514,18.2-61,sexual_offense
18.2-67.3(A.1),1,99.9332558083194,18.2-67.3,sexual_offense
13-6(16),1,99.93337694115368,13-6,
319.2-306,1,99.93349807398792,319.2-306,
B 46.2-301,1,99.9336192068222,B 46.2-301,
46.2-612 (1),1,99.93374033965648,46.2-612,traffic
18.2-23/18.2-58,1,99.93386147249072,18.2-23,property
54-122,1,99.933982605325,54-122,
46.2-81,1,99.93410373815928,46.2-81,traffic
18.2-58 (B)(2),1,99.93422487099352,18.2-58,violent
23-22.1(4.1-308,1,99.9343460038278,23-22.1(4.1-308,
21-1/46.2-656,1,99.93446713666206,21-1,
54.1-1115(B),1,99.93458826949632,54.1-1115,drug
B.46.2-829,1,99.9347094023306,46.2-829,traffic
99VCC999.048,1,99.93483053516486,99VCC999.048,
3.2-6587(A)(2),1,99.93495166799912,3.2-6587,animal_cruelty
4VAC15-90-231B,1,99.9350728008334,4VAC15-90-231B,
2VAC5-321-30(B),1,99.93519393366766,2VAC5-321-30,
58.1-3,1,99.93531506650191,58.1-3,
21-1/46.2-606,1,99.9354361993362,21-1,
25.218(10),1,99.93555733217046,25.218,
129.2-306,1,99.93567846500471,129.2-306,
46.2-334.01,1,99.935799597839,46.2-334.01,traffic
18.2-58.1(A),1,99.93592073067326,18.2-58.1,violent
18.2-248  (C),1,99.93604186350753,18.2-248,drug
18.2-61(B)(2),1,99.9361629963418,18.2-61,sexual_offense
21-3,1,99.93628412917606,21-3,
318.2-456(A)(6),1,99.93640526201033,318.2-456,
10.1-1424,1,99.9365263948446,10.1-1424,
21-1/.46.2-1158,1,99.93664752767886,21-1,
30-10,1,99.93676866051312,30-10,
25-293.2,1,99.9368897933474,25-293.2,
14.2-56,1,99.93701092618166,14.2-56,
14.5-5,1,99.93713205901592,14.5-5,
25-119,1,99.9372531918502,25-119,
25-91,1,99.93737432468446,25-91,
018.2-95,1,99.93749545751872,018.2-95,
4-1,1,99.937616590353,4-1,
42-17,1,99.93773772318724,42-17,
2021-04-10-1,1,99.9378588560215,2021-04-10-1,
4VAC15-330-60,1,99.93797998885576,4VAC15-330-60,
158-1,1,99.93810112169004,158-1,
167-2,1,99.9382222545243,167-2,
16.1-11(A)(2),1,99.93834338735856,16.1-11,juvenile_family
18.2-456(2),1,99.93846452019284,18.2-456,obstruction_justice
23.1-225,1,99.9385856530271,23.1-225,
"18.2-456 (A,6)",1,99.93870678586136,18.2-456,obstruction_justice
34-146,1,99.93882791869564,34-146,
18.2-29/18.2-51,1,99.9389490515299,18.2-29,
18-11,1,99.93907018436416,18-11,
18.2-22/18.2-41,1,99.93919131719844,18.2-22,
18.2-26/18.2-41,1,99.9393124500327,18.2-26,
46.2-823,1,99.93943358286695,46.2-823,traffic
16-14,1,99.93955471570123,16-14,
16-14(1001.3SFP,1,99.9396758485355,16-14(1001.3SFP,
26-126.1,1,99.93979698136977,26-126.1,
19.2-128  (C),1,99.93991811420403,19.2-128,failure_to_appear
418.2-172,1,99.9400392470383,418.2-172,
54.1-4018.1,1,99.94016037987257,54.1-4018.1,drug
4VAC20-890-40,1,99.94028151270685,4VAC20-890-40,
2026-05-14 00:00:00,1,99.9404026455411,2026-05-14 00:00:00,
46.2-1050,1,99.94052377837536,46.2-1050,traffic
18.2-456 (A)(5),1,99.94064491120965,18.2-456,obstruction_justice
F.46.2-1095,1,99.9407660440439,46.2-1095,traffic
18.2-26/18.2-48,1,99.94088717687816,18.2-26,
18.2-29/18.2-48,1,99.94100830971244,18.2-29,
4VAC20-890-25,1,99.9411294425467,4VAC20-890-25,
23-26(18.2-346),1,99.94125057538096,23-26,
99VCC999.045,1,99.94137170821524,99VCC999.045,
18.2-257/18.2-2,1,99.9414928410495,18.2-257,drug
18.2-22/18.5-58,1,99.94161397388376,18.2-22,
23-43(18.2-119),1,99.94173510671804,23-43,
23-7(18.2-460),1,99.9418562395523,23-7,
"66-203, 66-8",1,99.94197737238656,"66-203, 66-8",
28-36,1,99.94209850522084,28-36,
4VAC15-370-70,1,99.9422196380551,4VAC15-370-70,
50-2,1,99.94234077088936,50-2,
63.2-1509,1,99.94246190372364,63.2-1509,
15-6,1,99.94258303655788,15-6,
1-31(2)(A),1,99.94270416939216,1-31,
17-10,1,99.94282530222642,17-10,
9-22.5(A),1,99.94294643506068,9-22.5,
5-83(A3),1,99.94306756789496,5-83,
B.18.2-90,1,99.94318870072922,18.2-90,property
4VAC5-30-95,1,99.94330983356348,4VAC5-30-95,
46.2-111(C),1,99.94343096639776,46.2-111,traffic
18.2-250(B),1,99.94355209923202,18.2-250,drug
54-5,1,99.94367323206627,54-5,
18.2-32/26,1,99.94379436490055,18.2-32,violent
A 18.2-272,1,99.94391549773482,A 18.2-272,
118-1,1,99.94403663056907,118-1,
66-258,1,99.94415776340335,66-258,
46.2-301(B),1,99.94427889623762,46.2-301,traffic
58.1-4018.1(A),1,99.94440002907189,58.1-4018.1,
9-22,1,99.94452116190617,9-22,
5-38(A)(3),1,99.94464229474042,5-38,
63.2-522/18.-95,1,99.94476342757469,63.2-522,fraud_financial
49CFR393.75,1,99.94488456040897,49CFR393.75,
32.1-127.1:03,1,99.94500569324322,32.1-127.1:03,
14-68,1,99.94512682607748,14-68,
612.25,1,99.94524795891174,612.25,
18.2-26/103,1,99.945369091746,18.2-26,
18.2-22/103,1,99.94549022458028,18.2-22,
18.2-23B/95,1,99.94561135741452,18.2-23,property
"CHPT 1,SEC 1-31",1,99.9457324902488,"CHPT 1,SEC 1-31",
654.03,1,99.94585362308308,654.03,
466.08,1,99.94597475591732,466.08,
18.2-116,1,99.9460958887516,18.2-116,property
HCC-18-2-F,1,99.94621702158588,HCC-18-2-F,
46.2-1017,1,99.94633815442012,46.2-1017,traffic
18.2-51.6(B),1,99.9464592872544,18.2-51.6,violent
2026-06-10 00:00:00,1,99.94658042008868,2026-06-10 00:00:00,
46.2-818.2B,1,99.94670155292292,46.2-818.2B,traffic
18.2-463,1,99.9468226857572,18.2-463,obstruction_justice
18.2-479(B),1,99.94694381859146,18.2-479,obstruction_justice
2026-12-16 00:00:00,1,99.94706495142572,2026-12-16 00:00:00,
2026-12-25 00:00:00,1,99.94718608426,2026-12-25 00:00:00,
18.2-535,1,99.94730721709426,18.2-535,
20-61,1,99.94742834992851,20-61,
"18.2-67.2 (A,1)",1,99.9475494827628,18.2-67.2,sexual_offense
"18.2-67.3 (A,1)",1,99.94767061559706,18.2-67.3,sexual_offense
A46.2-1095,1,99.94779174843131,A46.2-1095,
46.2-391(D)(2),1,99.9479128812656,46.2-391,traffic
18.2-126(A),1,99.94803401409986,18.2-126,property
33.1-345,1,99.94815514693413,33.1-345,
3.2-6540.1 (D),1,99.9482762797684,3.2-6540.1,animal_cruelty
22-37,1,99.94839741260266,22-37,
22-10,1,99.94851854543693,22-10,
22-64,1,99.9486396782712,22-64,
45.2-856,1,99.94876081110546,45.2-856,
519.2-306,1,99.94888194393972,519.2-306,
19.2-21,1,99.949003076774,19.2-21,procedural_other
18.2-4569(5),1,99.94912420960826,18.2-4569,
12-54.1,1,99.94924534244252,12-54.1,
29.-521,1,99.9493664752768,29.-521,
49CFR391.45,1,99.94948760811106,49CFR391.45,
32-250.22,1,99.94960874094532,32-250.22,
18.2-248 (E1),1,99.9497298737796,18.2-248,drug
18.2-186.2,1,99.94985100661386,18.2-186.2,fraud_financial
16.1-269.4,1,99.94997213944812,16.1-269.4,juvenile_family
30-85-24.55,1,99.9500932722824,30-85-24.55,
18.2-67.1(A),1,99.95021440511664,18.2-67.1,sexual_offense
62-82,1,99.95033553795092,62-82,
30-41-2,1,99.9504566707852,30-41-2,
2021-04 7-4,1,99.95057780361944,2021-04 7-4,
33.2-210,1,99.95069893645372,33.2-210,
10-32,1,99.950820069288,10-32,
24-31,1,99.95094120212224,24-31,
18.2-187,1,99.95106233495652,18.2-187,fraud_financial
17.1-43,1,99.95118346779078,17.1-43,
18.2-67.3(A)(2),1,99.95130460062504,18.2-67.3,sexual_offense
21-1/46.2-860,1,99.95142573345932,21-1,
21-1/18.2-308.2,1,99.95154686629358,21-1,
18.2-22/18.2-31,1,99.95166799912784,18.2-22,
21-1/46.2-1013,1,99.95178913196212,21-1,
19.32-306,1,99.95191026479638,19.32-306,
12-43.2,1,99.95203139763063,12-43.2,
21-1/46.2-1156,1,99.95215253046491,21-1,
29-17 (C),1,99.95227366329918,29-17,
18.2-327.1,1,99.95239479613343,18.2-327.1,
19.2-306`,1,99.9525159289677,19.2-306`,probation_violation
21-1/46.2-838,1,99.95263706180197,21-1,
16.1-285..1,1,99.95275819463625,16.1-285..1,juvenile_family
99VCC999.080,1,99.9528793274705,99VCC999.080,
46.2-819,1,99.95300046030476,46.2-819,traffic
3.2-6519,1,99.95312159313904,3.2-6519,animal_cruelty
19.2-215.7,1,99.9532427259733,19.2-215.7,procedural_other
21-/46.2-613,1,99.95336385880756,21-,
"18.2-137 (B,I)",1,99.95348499164184,18.2-137,property
19.2-358 E,1,99.9536061244761,19.2-358 E,procedural_other
29.17,1,99.95372725731036,29.17,
23-10/18.2-415,1,99.95384839014464,23-10,
5-202,1,99.9539695229789,5-202,
39.5-3,1,99.95409065581316,39.5-3,
25-218(10),1,99.95421178864744,25-218,
25-41,1,99.9543329214817,25-41,
18.2-308.2 (A),1,99.95445405431596,18.2-308.2,weapons
46.2-612.1,1,99.95457518715024,46.2-612.1,traffic
25-163,1,99.95469631998448,25-163,
21-1/46.2-1107,1,99.95481745281876,21-1,
21-1/46.2-921.1,1,99.95493858565304,21-1,
21-1/46.2-890,1,99.95505971848728,21-1,
A. 18.2-102,1,99.95518085132156,18.2-102,property
46.2-1539,1,99.95530198415582,46.2-1539,traffic
23-22/18.2-388,1,99.95542311699008,23-22,
13-239.1,1,99.95554424982436,13-239.1,
65-8,1,99.95566538265862,65-8,
74-216,1,99.95578651549287,74-216,
46.2-1601,1,99.95590764832716,46.2-1601,traffic
14-91,1,99.95602878116142,14-91,
2021-07-7-4,1,99.95614991399567,2021-07-7-4,
G 46.2-870,1,99.95627104682995,G 46.2-870,
3.2-6510,1,99.95639217966422,3.2-6510,animal_cruelty
9-26/304.6,1,99.95651331249849,9-26,
9-26/304.2,1,99.95663444533275,9-26,
9-26/304.1,1,99.95675557816702,9-26,
46.2-1602,1,99.95687671100129,46.2-1602,traffic
19.2-248,1,99.95699784383557,19.2-248,procedural_other
74-134,1,99.95711897666982,74-134,
3.2-6566,1,99.95724010950408,3.2-6566,animal_cruelty
2026-04-19 00:00:00,1,99.95736124233837,2026-04-19 00:00:00,
54.1-704.1,1,99.95748237517262,54.1-704.1,drug
11.1A-18,1,99.95760350800688,11.1A-18,
18.2-308 (A),1,99.95772464084116,18.2-308,weapons
14-121,1,99.95784577367542,14-121,
19.23-132,1,99.95796690650968,19.23-132,procedural_other
18.2-248(C.1.),1,99.95808803934396,18.2-248,drug
17-21,1,99.9582091721782,17-21,
2.4.14,1,99.95833030501248,2.4.14,
5.11.3,1,99.95845143784676,5.11.3,
A. 46.2-707,1,99.958572570681,46.2-707,traffic
"46.2-391 (D,1)",1,99.95869370351528,46.2-391,traffic
21-146.2-646,1,99.95881483634956,21-146.2-646,
26-125,1,99.9589359691838,26-125,
19.1-305,1,99.95905710201808,19.1-305,
18.2-248(C.2.),1,99.95917823485236,18.2-248,drug
19.2-270,1,99.9592993676866,19.2-270,procedural_other
28.2-905,1,99.95942050052088,28.2-905,
58-141,1,99.95954163335514,58-141,
A.46.2-391D,1,99.9596627661894,46.2-391D,traffic
4VAC15-350-60,1,99.95978389902366,4VAC15-350-60,
46.2-612(3),1,99.95990503185791,46.2-612,traffic
18.2-46O,1,99.9600261646922,18.2-46O,violent
18.2-270.2,1,99.96014729752646,18.2-270.2,dui_traffic_criminal
58.1-4017,1,99.96026843036071,58.1-4017,
13-95,1,99.960389563195,13-95,
46.2-1109,1,99.96051069602926,46.2-1109,traffic
396.7,1,99.96063182886353,396.7,
54-33 (18.2-388,1,99.9607529616978,54-33 (18.2-388,
11-52,1,99.96087409453206,11-52,
99VCC999.049,1,99.96099522736633,99VCC999.049,
18.2-281,1,99.9611163602006,18.2-281,weapons
2026-10-09 00:00:00,1,99.96123749303486,2026-10-09 00:00:00,
10-211,1,99.96135862586912,10-211,
22-2 18.2-266,1,99.9614797587034,22-2 18.2-266,
18.2-287.4(I),1,99.96160089153766,18.2-287.4,weapons
106-383,1,99.96172202437192,106-383,
24-7301,1,99.9618431572062,24-7301,
18.2-433.2,1,99.96196429004046,18.2-433.2,
18.1-212,1,99.96208542287472,18.1-212,
118.2-427,1,99.962206555709,118.2-427,
18.2-361.01(B),1,99.96232768854324,18.2-361.01,juvenile_family
318.2-53.1,1,99.96244882137752,318.2-53.1,
46.2-105.1,1,99.9625699542118,46.2-105.1,traffic
22,1,99.96269108704604,22,
19.2-036,1,99.96281221988032,19.2-036,procedural_other
46.2-8611,1,99.9629333527146,46.2-8611,traffic
18.2-456.6,1,99.96305448554884,18.2-456.6,obstruction_justice
18.2-61A.II,1,99.96317561838312,18.2-61A.II,sexual_offense
9.1-1104,1,99.96329675121738,9.1-1104,
4VAC5-30-290,1,99.96341788405164,4VAC5-30-290,
"18.2-67.3(A,4,A",1,99.96353901688592,"18.2-67.3(A,4,A",sexual_offense
14-28,1,99.96366014972018,14-28,
15-36,1,99.96378128255444,15-36,
10-81,1,99.96390241538872,10-81,
18.2-198,1,99.96402354822298,18.2-198,fraud_financial
18.2-108.1(A),1,99.96414468105723,18.2-108.1,property
18.2-56.1(A1),1,99.96426581389152,18.2-56.1,violent
2026-05-22 00:00:00,1,99.96438694672578,2026-05-22 00:00:00,
46.2-818.2A(2),1,99.96450807956003,46.2-818.2A,traffic
18.2-57.2 (B),1,99.96462921239431,18.2-57.2,violent
2026-06-11 00:00:00,1,99.96475034522858,2026-06-11 00:00:00,
10-3-0825,1,99.96487147806285,10-3-0825,
46.2-803,1,99.96499261089711,46.2-803,traffic
18.2-266.,1,99.96511374373138,18.2-266.,dui_traffic_criminal
A.18.2-47,1,99.96523487656565,18.2-47,violent
18.2-265.5,1,99.96535600939993,18.2-265.5,drug
18.20248C,1,99.96547714223418,18.20248C,
219.2-306,1,99.96559827506844,219.2-306,
218-4,1,99.96571940790272,218-4,
46.2-337,1,99.96584054073698,46.2-337,traffic
54.1-2409.1(I),1,99.96596167357124,54.1-2409.1,drug
53.1-203(9),1,99.96608280640552,53.1-203,corrections_related
46.2-2059,1,99.96620393923978,46.2-2059,traffic
440.04,1,99.96632507207404,440.04,
90.13,1,99.96644620490832,90.13,
10-79,1,99.96656733774256,10-79,
4.1-1120,1,99.96668847057684,4.1-1120,
2002-11-13 00:00:00,1,99.96680960341112,2002-11-13 00:00:00,
18.2-248 (A),1,99.96693073624536,18.2-248,drug
46.2-658,1,99.96705186907964,46.2-658,traffic
33-98,1,99.96717300191388,33-98,
46.2-1022,1,99.96729413474816,46.2-1022,traffic
19.2-270.1:1,1,99.96741526758242,19.2-270.1:1,procedural_other
26-8,1,99.96753640041668,26-8,
46.2-613 (2),1,99.96765753325096,46.2-613,traffic
46.7-1092,1,99.96777866608522,46.7-1092,
7.3.2-B,1,99.96789979891948,7.3.2-B,
46.2-925,1,99.96802093175376,46.2-925,traffic
6-25(A),1,99.96814206458802,6-25,
18.2-178/95,1,99.96826319742227,18.2-178,fraud_financial
4VAC5-30-300,1,99.96838433025655,4VAC5-30-300,
28-27(18.2-137),1,99.96850546309082,28-27,
3-55,1,99.96862659592507,3-55,
25-218 (10),1,99.96874772875935,25-218,
18.2-370.3,1,99.96886886159362,18.2-370.3,juvenile_family
14-48,1,99.96898999442789,14-48,
18.2-371.2(B),1,99.96911112726217,18.2-371.2,
33-.2-802,1,99.96923226009642,33-.2-802,
3-40,1,99.96935339293069,3-40,
F.46.2-876,1,99.96947452576497,46.2-876,traffic
92-146.2-646,1,99.96959565859922,92-146.2-646,
92-146.2-715,1,99.96971679143348,92-146.2-715,
92-146.2-1003,1,99.96983792426776,92-146.2-1003,
92-146.2-1043,1,99.96995905710202,92-146.2-1043,
92-146.2-606,1,99.97008018993628,92-146.2-606,
92-146.2-665,1,99.97020132277056,92-146.2-665,
46.2-930,1,99.97032245560482,46.2-930,traffic
18.2-419,1,99.97044358843908,18.2-419,
18.2-473.1,1,99.97056472127336,18.2-473.1,obstruction_justice
46.2-885,1,99.9706858541076,46.2-885,traffic
27-72,1,99.97080698694188,27-72,
218.2-57,1,99.97092811977616,218.2-57,
27-68,1,99.9710492526104,27-68,
"18.2-67.4 (A,I)",1,99.97117038544468,18.2-67.4,sexual_offense
18.2-371.1 (B),1,99.97129151827896,18.2-371.1,child_abuse
43.9,1,99.9714126511132,43.9,
18.2-45(6),1,99.97153378394748,18.2-45,violent
10-82,1,99.97165491678174,10-82,
4VAC20-380-60,1,99.971776049616,4VAC20-380-60,
20.66,1,99.97189718245028,20.66,
20-66,1,99.97201831528454,20-66,
46.2-301 9B),1,99.9721394481188,46.2-301 9B),traffic
"18.2-61 (A,1)",1,99.97226058095308,18.2-61,sexual_offense
"18.2-67.3(A,4A)",1,99.97238171378734,18.2-67.3,sexual_offense
18.2-67.1(A)(2),1,99.9725028466216,18.2-67.1,sexual_offense
6-78,1,99.97262397945588,6-78,
18.2-61(A),1,99.97274511229014,18.2-61,sexual_offense
18.2-361(B),1,99.9728662451244,18.2-361,juvenile_family
18.2-374.1(,1,99.97298737795867,18.2-374.1(,public_order
28.27,1,99.97310851079294,28.27,
18.2-37(A),1,99.9732296436272,18.2-37,violent
25-281,1,99.97335077646149,25-281,
302.7,1,99.97347190929574,302.7,
304.3,1,99.97359304213,304.3,
302.3,1,99.97371417496429,302.3,
2-6,1,99.97383530779854,2-6,
9.2-12,1,99.9739564406328,9.2-12,
30-1,1,99.97407757346708,30-1,
19.2305,1,99.97419870630134,19.2305,procedural_other
19.2-350,1,99.9743198391356,19.2-350,procedural_other
13-1-37(C-1),1,99.97444097196986,13-1-37,
2-3-5,1,99.97456210480412,2-3-5,
13-1-37(A)(11),1,99.9746832376384,13-1-37,
46.2-347,1,99.97480437047264,46.2-347,traffic
18-2-456,1,99.97492550330692,18-2-456,
19.2-187.2,1,99.9750466361412,19.2-187.2,procedural_other
18.2-374.1:1A,1,99.97516776897544,18.2-374.1:1A,public_order
18.2-61(A)(I),1,99.97528890180972,18.2-61,sexual_offense
18.2-282 (A),1,99.975410034644,18.2-282,weapons
18.2-51 (A),1,99.97553116747824,18.2-51,violent
5.3(3),1,99.97565230031252,5.3,
18.2-175,1,99.97577343314678,18.2-175,fraud_financial
19-.2-305,1,99.97589456598104,19-.2-305,
8.2,1,99.97601569881532,8.2,
2021-04 VII 7-4,1,99.97613683164958,2021-04 VII 7-4,
TC 26,1,99.97625796448384,TC 26,
18.2-327,1,99.97637909731812,18.2-327,
18.2-465.2,1,99.97650023015238,18.2-465.2,obstruction_justice
16-183(B),1,99.97662136298663,16-183,
2017-03,1,99.97674249582091,2017-03,
16-7-32,1,99.97686362865518,16-7-32,
24-91,1,99.97698476148943,24-91,
109.5,1,99.97710589432371,109.5,
108.1,1,99.97722702715798,108.1,
110.5,1,99.97734815999225,110.5,
24-76,1,99.97746929282653,24-76,
18.2-248.1(A)2,1,99.97759042566078,18.2-248.1(A)2,drug
4-55,1,99.97771155849505,4-55,
18.2-374.3 (D),1,99.97783269132933,18.2-374.3,public_order
18.2-67.3(A)(4),1,99.97795382416358,18.2-67.3,sexual_offense
18.2-95 (II),1,99.97807495699784,18.2-95,property
18.2-514(C),1,99.97819608983212,18.2-514,dui_traffic_criminal
18.2-308.02,1,99.97831722266638,18.2-308.02,weapons
4-96 (3.2-6521),1,99.97843835550064,4-96,
4-61(3.2-6524),1,99.97855948833492,4-61,
A.40.1-103,1,99.97868062116918,40.1-103,child_abuse
18-47,1,99.97880175400344,18-47,
20-4,1,99.97892288683772,20-4,
18.2-283,1,99.97904401967196,18.2-283,weapons
22-576,1,99.97916515250624,22-576,
15.2-980,1,99.9792862853405,15.2-980,
304.12,1,99.97940741817476,304.12,
304.5,1,99.97952855100904,304.5,
304.1,1,99.9796496838433,304.1,
301.3,1,99.97977081667756,301.3,
304.7,1,99.97989194951184,304.7,
4.9 (F),1,99.9800130823461,4.9,
F.46.2-881,1,99.98013421518036,46.2-881,traffic
4-35 (YORK CO.),1,99.98025534801464,4-35,
18.2-374.1(B),1,99.9803764808489,18.2-374.1,public_order
46.2-804(1),1,99.98049761368316,46.2-804,traffic
4VAC15-360-10,1,99.98061874651744,4VAC15-360-10,
"2007-5, 5.1",1,99.9807398793517,"2007-5, 5.1",
8.01-274.1,1,99.98086101218595,8.01-274.1,
58.1-2273(1),1,99.98098214502023,58.1-2273,
99,1,99.9811032778545,99,
19-334.1,1,99.98122441068875,19-334.1,
13-343,1,99.98134554352303,13-343,
49CFR396.9,1,99.9814666763573,49CFR396.9,
46.2-1025,1,99.98158780919157,46.2-1025,traffic
18.2-61/18.2-26,1,99.98170894202582,18.2-61,sexual_offense
14.1-54,1,99.98183007486008,14.1-54,
16.5,1,99.98195120769437,16.5,
50-73(18.2-280),1,99.98207234052862,50-73,
86-291,1,99.98219347336288,86-291,
27-15.1,1,99.98231460619716,27-15.1,
154.2.060,1,99.98243573903142,154.2.060,
21-146.2-878,1,99.98255687186568,21-146.2-878,
21-1/18.2-460(E,1,99.98267800469996,21-1,
29-16,1,99.98279913753422,29-16,
23-7(A),1,99.98292027036848,23-7,
18.2-26/18.2-61,1,99.98304140320276,18.2-26,
25-656,1,99.983162536037,25-656,
46.2.924,1,99.98328366887128,46.2.924,traffic
23-7.3/18.2-460,1,99.98340480170556,23-7.3,
46.2-1309,1,99.9835259345398,46.2-1309,traffic
19.2-327.1,1,99.98364706737408,19.2-327.1,procedural_other
18.2-33/18.2-32,1,99.98376820020836,18.2-33,violent
21.1/46.2-1158,1,99.9838893330426,21.1,
21.1/46.2-613(2,1,99.98401046587688,21.1,
21-1/18.2-323.1,1,99.98413159871114,21-1,
21-1/46.2-613(2,1,99.9842527315454,21-1,
29-5 (A),1,99.98437386437968,29-5,
38-3/18.2-280,1,99.98449499721394,38-3,
18.2-250 A (B),1,99.9846161300482,18.2-250 A,drug
54.1-3466 (B),1,99.98473726288248,54.1-3466,drug
6-5E,1,99.98485839571674,6-5E,
28.2-225,1,99.984979528551,28.2-225,
23-54,1,99.98510066138527,23-54,
CON5035S9,1,99.98522179421954,CON5035S9,
21-1/46.2-1015,1,99.9853429270538,21-1,
21.1/18.2-266,1,99.98546405988807,21.1,
21.1/46.2-802,1,99.98558519272234,21.1,
23-32 A1,1,99.9857063255566,23-32 A1,
21-1/46.2-806,1,99.98582745839089,21-1,
14-45,1,99.98594859122514,14-45,
14-44,1,99.9860697240594,14-44,
19.2-359 (E),1,99.98619085689369,19.2-359,procedural_other
14-46,1,99.98631198972794,14-46,
54.1-3450,1,99.9864331225622,54.1-3450,drug
21-1-/46.2-301,1,99.98655425539648,21-1-,
18.2-57 (A),1,99.98667538823074,18.2-57,violent
46.2-804.2,1,99.986796521065,46.2-804.2,traffic
13.31,1,99.98691765389928,13.31,
18.2-26/8.2-51,1,99.98703878673354,18.2-26,
28.2-710,1,99.9871599195678,28.2-710,
4.1-1100 CA1,1,99.98728105240208,4.1-1100 CA1,
16.2-133.1,1,99.98740218523632,16.2-133.1,
14-109,1,99.9875233180706,14-109,
2026-05-18 00:00:00,1,99.98764445090488,2026-05-18 00:00:00,
4VAC15-430-50,1,99.98776558373912,4VAC15-430-50,
29.1-749.2,1,99.9878867165734,29.1-749.2,
4 VAC 15-90-70,1,99.98800784940768,4 VAC 15-90-70,
4VAC15-40-300,1,99.98812898224192,4VAC15-40-300,
5.45,1,99.9882501150762,5.45,
46.2-2099.48,1,99.98837124791046,46.2-2099.48,traffic
18.2-350,1,99.98849238074472,18.2-350,
15-7A,1,99.988613513579,15-7A,
17-7(18.2-388),1,99.98873464641326,17-7,
154.2.063,1,99.98885577924752,154.2.063,
18.2-308.4 (B),1,99.9889769120818,18.2-308.4,weapons
4VAC20-1250-30A,1,99.98909804491603,4VAC20-1250-30A,
46.2-391.2,1,99.98921917775031,46.2-391.2,traffic
3-36,1,99.98934031058458,3-36,
6.1-75,1,99.98946144341885,6.1-75,
42-10,1,99.98958257625311,42-10,
46.2-372,1,99.98970370908738,46.2-372,traffic
18.2456,1,99.98982484192165,18.2456,
23-7A,1,99.98994597475593,23-7A,
22-11.1,1,99.99006710759018,22-11.1,
21-1/46.2-915.2,1,99.99018824042444,21-1,
4VAC20-270.20,1,99.99030937325873,4VAC20-270.20,
16.2-253,1,99.99043050609298,16.2-253,
18.2-26/18.2-80,1,99.99055163892724,18.2-26,
18.2-248 (J),1,99.99067277176152,18.2-248,drug
25-171,1,99.99079390459578,25-171,
21-7.1,1,99.99091503743004,21-7.1,
6-16.1B,1,99.99103617026432,6-16.1B,
18.2-36.1(A),1,99.99115730309856,18.2-36.1,violent
2026-06-23 00:00:00,1,99.99127843593284,2026-06-23 00:00:00,
6-54,1,99.99139956876712,6-54,
46.2-1068,1,99.99152070160136,46.2-1068,traffic
46.2-1110,1,99.99164183443564,46.2-1110,traffic
18.2-248.1/54.1-3466,1,99.9917629672699,18.2-248.1,drug
14-5.1,1,99.99188410010416,14-5.1,
4VAC15-40-280,1,99.99200523293844,4VAC15-40-280,
3-34,1,99.9921263657727,3-34,
3-51,1,99.99224749860696,3-51,
3-46,1,99.99236863144124,3-46,
38-161,1,99.9924897642755,38-161,
3.2-6530,1,99.99261089710976,3.2-6530,animal_cruelty
3-46/3.2-6538,1,99.99273202994404,3-46,
3-51/3.2-6521,1,99.9928531627783,3-51,
3-30/3.2-6524,1,99.99297429561256,3-30,
54-7,1,99.99309542844684,54-7,
2026-04-10 00:00:00,1,99.9932165612811,2026-04-10 00:00:00,
18.2-456(1)(5),1,99.99333769411535,18.2-456,obstruction_justice
49CFR393.100,1,99.99345882694963,49CFR393.100,
16-8,1,99.9935799597839,16-8,
10-140,1,99.99370109261817,10-140,
18.2-456(A) (1),1,99.99382222545243,18.2-456,obstruction_justice
19.2-271.1,1,99.9939433582867,19.2-271.1,procedural_other
10-45(A-6),1,99.99406449112097,10-45,
3.2-6503.01,1,99.99418562395525,3.2-6503.01,animal_cruelty
74-191,1,99.9943067567895,74-191,
19.2-340,1,99.99442788962376,19.2-340,procedural_other
18.2-371(II),1,99.99454902245805,18.2-371,juvenile_family
18.2-67.4(A.I),1,99.9946701552923,18.2-67.4,sexual_offense
46.2-1083,1,99.99479128812656,46.2-1083,traffic
10-22.1,1,99.99491242096084,10-22.1,
46.2-878.2:1,1,99.9950335537951,46.2-878.2:1,traffic
46.2-2129,1,99.99515468662936,46.2-2129,traffic
53.1-204,1,99.99527581946364,53.1-204,corrections_related
50-61,1,99.9953969522979,50-61,
46.2-464,1,99.99551808513216,46.2-464,traffic
54.5,1,99.99563921796644,54.5,
53.1-205(5),1,99.9957603508007,53.1-205,corrections_related
63.2-1712,1,99.99588148363496,63.2-1712,
18-91,1,99.99600261646924,18-91,
21-186,1,99.9961237493035,21-186,
24-18,1,99.99624488213776,24-18,
7-49,1,99.996366014972,7-49,
\,1,99.99648714780628,\,
19.2-158,1,99.99660828064054,19.2-158,procedural_other
46.2-828.1,1,99.9967294134748,46.2-828.1,traffic
46.2-828,1,99.99685054630908,46.2-828,traffic
18.2-391,1,99.99697167914334,18.2-391,
18.2-67.1(A)III,1,99.9970928119776,18.2-67.1(A)III,sexual_offense
"18,2-57 (C)",1,99.99721394481188,"18,2-57",
18.2-460 E,1,99.99733507764614,18.2-460 E,obstruction_justice
2026-05-06 00:00:00,1,99.9974562104804,2026-05-06 00:00:00,
53.1-203(8),1,99.99757734331467,53.1-203,corrections_related
9.1-145,1,99.99769847614894,9.1-145,
21,1,99.9978196089832,21,
118.2-456,1,99.99794074181747,118.2-456,
F46.2-874,1,99.99806187465174,F46.2-874,
2020-05-7-5,1,99.998183007486,2020-05-7-5,
46.2-666,1,99.99830414032029,46.2-666,traffic
53.1-203(2),1,99.99842527315454,53.1-203,corrections_related
18.2-387/22-2,1,99.9985464059888,18.2-387,public_order
8.2/8.3/503.1,1,99.99866753882309,8.2,
18.2-91/18.2-26,1,99.99878867165734,18.2-91,property
2020-05-2-6,1,99.9989098044916,2020-05-2-6,
2020-5-7-5B,1,99.99903093732588,2020-5-7-5B,
18.2-96 & 104,1,99.99915207016014,18.2-96,property
2021-04-7-4A2,1,99.9992732029944,2021-04-7-4A2,
29.1-354,1,99.99939433582868,29.1-354,
21-04-7-4,1,99.99951546866292,21-04-7-4,
2021-04-1-1,1,99.9996366014972,2021-04-1-1,
46.2-819.2,1,99.99975773433148,46.2-819.2,traffic
18.2-234,1,99.99987886716572,18.2-234,
9.1-149,1,100.0,9.1-149,
